[
  {
    "model": "admin.logentry",
    "pk": 1,
    "fields": {
      "action_time": "2023-08-31T07:13:59.901Z",
      "user": 1,
      "content_type": 9,
      "object_id": "1",
      "object_repr": "Телевизоры",
      "action_flag": 1,
      "change_message": "[{\"added\": {}}]"
    }
  },
  {
    "model": "admin.logentry",
    "pk": 2,
    "fields": {
      "action_time": "2023-08-31T07:15:07.586Z",
      "user": 1,
      "content_type": 9,
      "object_id": "1",
      "object_repr": "Телевизоры",
      "action_flag": 3,
      "change_message": ""
    }
  },
  {
    "model": "admin.logentry",
    "pk": 3,
    "fields": {
      "action_time": "2023-08-31T07:15:38.603Z",
      "user": 1,
      "content_type": 9,
      "object_id": "2",
      "object_repr": "Телевизоры",
      "action_flag": 1,
      "change_message": "[{\"added\": {}}]"
    }
  },
  {
    "model": "admin.logentry",
    "pk": 4,
    "fields": {
      "action_time": "2023-08-31T07:33:00.669Z",
      "user": 1,
      "content_type": 9,
      "object_id": "2",
      "object_repr": "Телевизоры",
      "action_flag": 3,
      "change_message": ""
    }
  },
  {
    "model": "admin.logentry",
    "pk": 5,
    "fields": {
      "action_time": "2023-08-31T07:38:51.822Z",
      "user": 1,
      "content_type": 9,
      "object_id": "1",
      "object_repr": "Телевизоры",
      "action_flag": 1,
      "change_message": "[{\"added\": {}}]"
    }
  },
  {
    "model": "admin.logentry",
    "pk": 6,
    "fields": {
      "action_time": "2023-08-31T07:41:12.065Z",
      "user": 1,
      "content_type": 9,
      "object_id": "2",
      "object_repr": "Наушники",
      "action_flag": 1,
      "change_message": "[{\"added\": {}}]"
    }
  },
  {
    "model": "admin.logentry",
    "pk": 7,
    "fields": {
      "action_time": "2023-08-31T07:41:33.562Z",
      "user": 1,
      "content_type": 9,
      "object_id": "3",
      "object_repr": "Стиральные машины",
      "action_flag": 1,
      "change_message": "[{\"added\": {}}]"
    }
  },
  {
    "model": "admin.logentry",
    "pk": 8,
    "fields": {
      "action_time": "2023-08-31T07:42:03.775Z",
      "user": 1,
      "content_type": 9,
      "object_id": "4",
      "object_repr": "Скидки",
      "action_flag": 1,
      "change_message": "[{\"added\": {}}]"
    }
  },
  {
    "model": "admin.logentry",
    "pk": 9,
    "fields": {
      "action_time": "2023-08-31T07:42:24.298Z",
      "user": 1,
      "content_type": 9,
      "object_id": "5",
      "object_repr": "Электроника",
      "action_flag": 1,
      "change_message": "[{\"added\": {}}]"
    }
  },
  {
    "model": "admin.logentry",
    "pk": 10,
    "fields": {
      "action_time": "2023-08-31T07:42:48.777Z",
      "user": 1,
      "content_type": 9,
      "object_id": "6",
      "object_repr": "Фотоаппараты",
      "action_flag": 1,
      "change_message": "[{\"added\": {}}]"
    }
  },
  {
    "model": "admin.logentry",
    "pk": 11,
    "fields": {
      "action_time": "2023-08-31T07:43:20.146Z",
      "user": 1,
      "content_type": 9,
      "object_id": "7",
      "object_repr": "Фурнитура",
      "action_flag": 1,
      "change_message": "[{\"added\": {}}]"
    }
  },
  {
    "model": "admin.logentry",
    "pk": 12,
    "fields": {
      "action_time": "2023-08-31T07:43:31.827Z",
      "user": 1,
      "content_type": 9,
      "object_id": "8",
      "object_repr": "Мобильные телефоны",
      "action_flag": 1,
      "change_message": "[{\"added\": {}}]"
    }
  },
  {
    "model": "admin.logentry",
    "pk": 13,
    "fields": {
      "action_time": "2023-08-31T07:44:07.531Z",
      "user": 1,
      "content_type": 9,
      "object_id": "9",
      "object_repr": "Микроволновые печи",
      "action_flag": 1,
      "change_message": "[{\"added\": {}}]"
    }
  },
  {
    "model": "admin.logentry",
    "pk": 14,
    "fields": {
      "action_time": "2023-08-31T07:44:39.484Z",
      "user": 1,
      "content_type": 9,
      "object_id": "10",
      "object_repr": "Кухонная техника",
      "action_flag": 1,
      "change_message": "[{\"added\": {}}]"
    }
  },
  {
    "model": "admin.logentry",
    "pk": 15,
    "fields": {
      "action_time": "2023-08-31T07:45:03.245Z",
      "user": 1,
      "content_type": 9,
      "object_id": "11",
      "object_repr": "Торшеры",
      "action_flag": 1,
      "change_message": "[{\"added\": {}}]"
    }
  },
  {
    "model": "admin.logentry",
    "pk": 16,
    "fields": {
      "action_time": "2023-08-31T08:31:39.657Z",
      "user": 1,
      "content_type": 11,
      "object_id": "1",
      "object_repr": "24\" (60 см) Телевизор LED DEXP H24F7000E черный",
      "action_flag": 1,
      "change_message": "[{\"added\": {}}]"
    }
  },
  {
    "model": "admin.logentry",
    "pk": 17,
    "fields": {
      "action_time": "2023-08-31T08:32:25.699Z",
      "user": 1,
      "content_type": 10,
      "object_id": "1",
      "object_repr": "images/2023/08/31/Телевизор1.jpg",
      "action_flag": 1,
      "change_message": "[{\"added\": {}}]"
    }
  },
  {
    "model": "admin.logentry",
    "pk": 18,
    "fields": {
      "action_time": "2023-08-31T08:35:11.313Z",
      "user": 1,
      "content_type": 10,
      "object_id": "2",
      "object_repr": "images/2023/08/31/Телевизор2.jpg",
      "action_flag": 1,
      "change_message": "[{\"added\": {}}]"
    }
  },
  {
    "model": "admin.logentry",
    "pk": 19,
    "fields": {
      "action_time": "2023-08-31T08:36:07.079Z",
      "user": 1,
      "content_type": 10,
      "object_id": "3",
      "object_repr": "images/2023/08/31/Телевизор3.jpg",
      "action_flag": 1,
      "change_message": "[{\"added\": {}}]"
    }
  },
  {
    "model": "admin.logentry",
    "pk": 20,
    "fields": {
      "action_time": "2023-08-31T08:36:21.025Z",
      "user": 1,
      "content_type": 11,
      "object_id": "1",
      "object_repr": "24\" (60 см) Телевизор LED DEXP H24F7000E черный",
      "action_flag": 2,
      "change_message": "[{\"changed\": {\"fields\": [\"Image\"]}}]"
    }
  },
  {
    "model": "admin.logentry",
    "pk": 21,
    "fields": {
      "action_time": "2023-08-31T08:41:34.112Z",
      "user": 1,
      "content_type": 11,
      "object_id": "2",
      "object_repr": "24\" (61 см) Телевизор LED Aceline 24HEN1 черный",
      "action_flag": 1,
      "change_message": "[{\"added\": {}}]"
    }
  },
  {
    "model": "admin.logentry",
    "pk": 22,
    "fields": {
      "action_time": "2023-08-31T08:41:56.746Z",
      "user": 1,
      "content_type": 10,
      "object_id": "4",
      "object_repr": "images/2023/08/31/Телевизор1_JCBQNS3.jpg",
      "action_flag": 1,
      "change_message": "[{\"added\": {}}]"
    }
  },
  {
    "model": "admin.logentry",
    "pk": 23,
    "fields": {
      "action_time": "2023-08-31T08:42:45.746Z",
      "user": 1,
      "content_type": 10,
      "object_id": "5",
      "object_repr": "images/2023/08/31/Телевизор2_kSA6N1n.jpg",
      "action_flag": 1,
      "change_message": "[{\"added\": {}}]"
    }
  },
  {
    "model": "admin.logentry",
    "pk": 24,
    "fields": {
      "action_time": "2023-08-31T08:42:57.151Z",
      "user": 1,
      "content_type": 10,
      "object_id": "6",
      "object_repr": "images/2023/08/31/Телевизор3_tlXDymg.jpg",
      "action_flag": 1,
      "change_message": "[{\"added\": {}}]"
    }
  },
  {
    "model": "admin.logentry",
    "pk": 25,
    "fields": {
      "action_time": "2023-08-31T08:43:30.355Z",
      "user": 1,
      "content_type": 11,
      "object_id": "2",
      "object_repr": "24\" (61 см) Телевизор LED Aceline 24HEN1 черный",
      "action_flag": 2,
      "change_message": "[{\"changed\": {\"fields\": [\"Image\"]}}]"
    }
  },
  {
    "model": "admin.logentry",
    "pk": 26,
    "fields": {
      "action_time": "2023-08-31T08:45:23.106Z",
      "user": 1,
      "content_type": 11,
      "object_id": "2",
      "object_repr": "24\" (61 см) Телевизор LED Aceline 24HEN1 черный",
      "action_flag": 2,
      "change_message": "[{\"changed\": {\"fields\": [\"Image\"]}}]"
    }
  },
  {
    "model": "admin.logentry",
    "pk": 27,
    "fields": {
      "action_time": "2023-08-31T08:48:56.197Z",
      "user": 1,
      "content_type": 11,
      "object_id": "3",
      "object_repr": "55\" (139 см) Телевизор LED LG 55UQ75001LG черный",
      "action_flag": 1,
      "change_message": "[{\"added\": {}}]"
    }
  },
  {
    "model": "admin.logentry",
    "pk": 28,
    "fields": {
      "action_time": "2023-08-31T08:49:10.648Z",
      "user": 1,
      "content_type": 10,
      "object_id": "7",
      "object_repr": "images/2023/08/31/Телевизор1_Dk11m3f.jpg",
      "action_flag": 1,
      "change_message": "[{\"added\": {}}]"
    }
  },
  {
    "model": "admin.logentry",
    "pk": 29,
    "fields": {
      "action_time": "2023-08-31T08:49:19.552Z",
      "user": 1,
      "content_type": 10,
      "object_id": "8",
      "object_repr": "images/2023/08/31/Телевизор2_3THJh7x.jpg",
      "action_flag": 1,
      "change_message": "[{\"added\": {}}]"
    }
  },
  {
    "model": "admin.logentry",
    "pk": 30,
    "fields": {
      "action_time": "2023-08-31T08:49:30.785Z",
      "user": 1,
      "content_type": 10,
      "object_id": "9",
      "object_repr": "images/2023/08/31/Телевизор3_H4PelO0.jpg",
      "action_flag": 1,
      "change_message": "[{\"added\": {}}]"
    }
  },
  {
    "model": "admin.logentry",
    "pk": 31,
    "fields": {
      "action_time": "2023-08-31T08:49:40.123Z",
      "user": 1,
      "content_type": 11,
      "object_id": "3",
      "object_repr": "55\" (139 см) Телевизор LED LG 55UQ75001LG черный",
      "action_flag": 2,
      "change_message": "[{\"changed\": {\"fields\": [\"Image\"]}}]"
    }
  },
  {
    "model": "admin.logentry",
    "pk": 32,
    "fields": {
      "action_time": "2023-08-31T12:31:25.352Z",
      "user": 1,
      "content_type": 11,
      "object_id": "4",
      "object_repr": "50\" (125 см) Телевизор LED Samsung QE50Q80BAUXCE черный",
      "action_flag": 1,
      "change_message": "[{\"added\": {}}]"
    }
  },
  {
    "model": "admin.logentry",
    "pk": 33,
    "fields": {
      "action_time": "2023-08-31T12:31:35.967Z",
      "user": 1,
      "content_type": 11,
      "object_id": "4",
      "object_repr": "50\" (125 см) Телевизор LED Samsung QE50Q80BAUXCE черный",
      "action_flag": 2,
      "change_message": "[{\"changed\": {\"fields\": [\"Limited\", \"Delivery\"]}}]"
    }
  },
  {
    "model": "admin.logentry",
    "pk": 34,
    "fields": {
      "action_time": "2023-08-31T12:32:46.833Z",
      "user": 1,
      "content_type": 10,
      "object_id": "10",
      "object_repr": "images/2023/08/31/Телевизор1_21ncQum.jpg",
      "action_flag": 1,
      "change_message": "[{\"added\": {}}]"
    }
  },
  {
    "model": "admin.logentry",
    "pk": 35,
    "fields": {
      "action_time": "2023-08-31T12:33:00.468Z",
      "user": 1,
      "content_type": 10,
      "object_id": "11",
      "object_repr": "images/2023/08/31/Телевизор2_zacEp5y.jpg",
      "action_flag": 1,
      "change_message": "[{\"added\": {}}]"
    }
  },
  {
    "model": "admin.logentry",
    "pk": 36,
    "fields": {
      "action_time": "2023-08-31T12:33:12.626Z",
      "user": 1,
      "content_type": 10,
      "object_id": "12",
      "object_repr": "images/2023/08/31/Телевизор3_Vr6Fy3O.jpg",
      "action_flag": 1,
      "change_message": "[{\"added\": {}}]"
    }
  },
  {
    "model": "admin.logentry",
    "pk": 37,
    "fields": {
      "action_time": "2023-08-31T12:33:29.506Z",
      "user": 1,
      "content_type": 11,
      "object_id": "4",
      "object_repr": "50\" (125 см) Телевизор LED Samsung QE50Q80BAUXCE черный",
      "action_flag": 2,
      "change_message": "[{\"changed\": {\"fields\": [\"Image\"]}}]"
    }
  },
  {
    "model": "admin.logentry",
    "pk": 38,
    "fields": {
      "action_time": "2023-08-31T12:38:25.211Z",
      "user": 1,
      "content_type": 11,
      "object_id": "5",
      "object_repr": "Krutoff HF-Z67 - проводные внутриканальные наушники с микрофоном и однокнопочным пультом управления на кабеле.",
      "action_flag": 1,
      "change_message": "[{\"added\": {}}]"
    }
  },
  {
    "model": "admin.logentry",
    "pk": 39,
    "fields": {
      "action_time": "2023-08-31T12:38:41.866Z",
      "user": 1,
      "content_type": 10,
      "object_id": "13",
      "object_repr": "images/2023/08/31/Наушники1.jpg",
      "action_flag": 1,
      "change_message": "[{\"added\": {}}]"
    }
  },
  {
    "model": "admin.logentry",
    "pk": 40,
    "fields": {
      "action_time": "2023-08-31T12:38:58.312Z",
      "user": 1,
      "content_type": 10,
      "object_id": "14",
      "object_repr": "images/2023/08/31/Наушники2.jpg",
      "action_flag": 1,
      "change_message": "[{\"added\": {}}]"
    }
  },
  {
    "model": "admin.logentry",
    "pk": 41,
    "fields": {
      "action_time": "2023-08-31T12:39:04.801Z",
      "user": 1,
      "content_type": 11,
      "object_id": "5",
      "object_repr": "Krutoff HF-Z67 - проводные внутриканальные наушники с микрофоном и однокнопочным пультом управления на кабеле.",
      "action_flag": 2,
      "change_message": "[{\"changed\": {\"fields\": [\"Image\"]}}]"
    }
  },
  {
    "model": "admin.logentry",
    "pk": 42,
    "fields": {
      "action_time": "2023-08-31T12:43:02.835Z",
      "user": 1,
      "content_type": 11,
      "object_id": "6",
      "object_repr": "Проводная гарнитура SteelSeries Arctis Pro + GameDAC черный",
      "action_flag": 1,
      "change_message": "[{\"added\": {}}]"
    }
  },
  {
    "model": "admin.logentry",
    "pk": 43,
    "fields": {
      "action_time": "2023-08-31T12:43:20.201Z",
      "user": 1,
      "content_type": 10,
      "object_id": "15",
      "object_repr": "images/2023/08/31/Наушники1_RYlRljk.jpg",
      "action_flag": 1,
      "change_message": "[{\"added\": {}}]"
    }
  },
  {
    "model": "admin.logentry",
    "pk": 44,
    "fields": {
      "action_time": "2023-08-31T12:43:28.784Z",
      "user": 1,
      "content_type": 10,
      "object_id": "16",
      "object_repr": "images/2023/08/31/Наушники2_i3a1MSU.jpg",
      "action_flag": 1,
      "change_message": "[{\"added\": {}}]"
    }
  },
  {
    "model": "admin.logentry",
    "pk": 45,
    "fields": {
      "action_time": "2023-08-31T12:43:43.708Z",
      "user": 1,
      "content_type": 10,
      "object_id": "17",
      "object_repr": "images/2023/08/31/Наушники3.jpg",
      "action_flag": 1,
      "change_message": "[{\"added\": {}}]"
    }
  },
  {
    "model": "admin.logentry",
    "pk": 46,
    "fields": {
      "action_time": "2023-08-31T12:43:48.708Z",
      "user": 1,
      "content_type": 11,
      "object_id": "6",
      "object_repr": "Проводная гарнитура SteelSeries Arctis Pro + GameDAC черный",
      "action_flag": 2,
      "change_message": "[{\"changed\": {\"fields\": [\"Image\"]}}]"
    }
  },
  {
    "model": "admin.logentry",
    "pk": 47,
    "fields": {
      "action_time": "2023-08-31T12:51:24.107Z",
      "user": 1,
      "content_type": 11,
      "object_id": "7",
      "object_repr": "Стиральная машина DEXP WM-F610DHE/WBSu белый",
      "action_flag": 1,
      "change_message": "[{\"added\": {}}]"
    }
  },
  {
    "model": "admin.logentry",
    "pk": 48,
    "fields": {
      "action_time": "2023-08-31T12:51:37.139Z",
      "user": 1,
      "content_type": 10,
      "object_id": "18",
      "object_repr": "images/2023/08/31/wash_m1.jpg",
      "action_flag": 1,
      "change_message": "[{\"added\": {}}]"
    }
  },
  {
    "model": "admin.logentry",
    "pk": 49,
    "fields": {
      "action_time": "2023-08-31T12:51:45.420Z",
      "user": 1,
      "content_type": 10,
      "object_id": "19",
      "object_repr": "images/2023/08/31/wash_m2.jpg",
      "action_flag": 1,
      "change_message": "[{\"added\": {}}]"
    }
  },
  {
    "model": "admin.logentry",
    "pk": 50,
    "fields": {
      "action_time": "2023-08-31T12:51:54.297Z",
      "user": 1,
      "content_type": 10,
      "object_id": "20",
      "object_repr": "images/2023/08/31/wash_m3.jpg",
      "action_flag": 1,
      "change_message": "[{\"added\": {}}]"
    }
  },
  {
    "model": "admin.logentry",
    "pk": 51,
    "fields": {
      "action_time": "2023-08-31T12:52:00.842Z",
      "user": 1,
      "content_type": 11,
      "object_id": "7",
      "object_repr": "Стиральная машина DEXP WM-F610DHE/WBSu белый",
      "action_flag": 2,
      "change_message": "[{\"changed\": {\"fields\": [\"Image\"]}}]"
    }
  },
  {
    "model": "admin.logentry",
    "pk": 52,
    "fields": {
      "action_time": "2023-08-31T13:26:40.470Z",
      "user": 1,
      "content_type": 11,
      "object_id": "8",
      "object_repr": "Стиральная машина DEXP WM-F610NTMA/WW белый",
      "action_flag": 1,
      "change_message": "[{\"added\": {}}]"
    }
  },
  {
    "model": "admin.logentry",
    "pk": 53,
    "fields": {
      "action_time": "2023-08-31T13:27:11.156Z",
      "user": 1,
      "content_type": 10,
      "object_id": "21",
      "object_repr": "images/2023/08/31/wash_m1_ySt3L9V.jpg",
      "action_flag": 1,
      "change_message": "[{\"added\": {}}]"
    }
  },
  {
    "model": "admin.logentry",
    "pk": 54,
    "fields": {
      "action_time": "2023-08-31T13:27:20.333Z",
      "user": 1,
      "content_type": 10,
      "object_id": "22",
      "object_repr": "images/2023/08/31/wash_m2_ALUt9zD.jpg",
      "action_flag": 1,
      "change_message": "[{\"added\": {}}]"
    }
  },
  {
    "model": "admin.logentry",
    "pk": 55,
    "fields": {
      "action_time": "2023-08-31T13:27:28.573Z",
      "user": 1,
      "content_type": 10,
      "object_id": "23",
      "object_repr": "images/2023/08/31/wash_m3_SpXsWLc.jpg",
      "action_flag": 1,
      "change_message": "[{\"added\": {}}]"
    }
  },
  {
    "model": "admin.logentry",
    "pk": 56,
    "fields": {
      "action_time": "2023-08-31T13:27:42.059Z",
      "user": 1,
      "content_type": 11,
      "object_id": "8",
      "object_repr": "Стиральная машина DEXP WM-F610NTMA/WW белый",
      "action_flag": 2,
      "change_message": "[{\"changed\": {\"fields\": [\"Image\", \"Limited\"]}}]"
    }
  },
  {
    "model": "admin.logentry",
    "pk": 57,
    "fields": {
      "action_time": "2023-08-31T13:30:45.706Z",
      "user": 1,
      "content_type": 11,
      "object_id": "9",
      "object_repr": "Стирально-сушильная машина LG F4T9RC9P черный",
      "action_flag": 1,
      "change_message": "[{\"added\": {}}]"
    }
  },
  {
    "model": "admin.logentry",
    "pk": 58,
    "fields": {
      "action_time": "2023-08-31T13:31:00.319Z",
      "user": 1,
      "content_type": 10,
      "object_id": "24",
      "object_repr": "images/2023/08/31/wash_m1_23VXLm2.jpg",
      "action_flag": 1,
      "change_message": "[{\"added\": {}}]"
    }
  },
  {
    "model": "admin.logentry",
    "pk": 59,
    "fields": {
      "action_time": "2023-08-31T13:31:09.423Z",
      "user": 1,
      "content_type": 10,
      "object_id": "25",
      "object_repr": "images/2023/08/31/wash_m2_7Pabke5.jpg",
      "action_flag": 1,
      "change_message": "[{\"added\": {}}]"
    }
  },
  {
    "model": "admin.logentry",
    "pk": 60,
    "fields": {
      "action_time": "2023-08-31T13:31:17.448Z",
      "user": 1,
      "content_type": 10,
      "object_id": "26",
      "object_repr": "images/2023/08/31/wash_m3_5tiwpxN.jpg",
      "action_flag": 1,
      "change_message": "[{\"added\": {}}]"
    }
  },
  {
    "model": "admin.logentry",
    "pk": 61,
    "fields": {
      "action_time": "2023-08-31T13:31:20.309Z",
      "user": 1,
      "content_type": 11,
      "object_id": "9",
      "object_repr": "Стирально-сушильная машина LG F4T9RC9P черный",
      "action_flag": 2,
      "change_message": "[{\"changed\": {\"fields\": [\"Image\"]}}]"
    }
  },
  {
    "model": "admin.logentry",
    "pk": 62,
    "fields": {
      "action_time": "2023-08-31T13:37:28.274Z",
      "user": 1,
      "content_type": 11,
      "object_id": "10",
      "object_repr": "Колонки 5.1 Dialog AP-540",
      "action_flag": 1,
      "change_message": "[{\"added\": {}}]"
    }
  },
  {
    "model": "admin.logentry",
    "pk": 63,
    "fields": {
      "action_time": "2023-08-31T13:37:38.814Z",
      "user": 1,
      "content_type": 10,
      "object_id": "27",
      "object_repr": "images/2023/08/31/Колонки1.jpg",
      "action_flag": 1,
      "change_message": "[{\"added\": {}}]"
    }
  },
  {
    "model": "admin.logentry",
    "pk": 64,
    "fields": {
      "action_time": "2023-08-31T13:37:48.938Z",
      "user": 1,
      "content_type": 10,
      "object_id": "28",
      "object_repr": "images/2023/08/31/Колонки2.jpg",
      "action_flag": 1,
      "change_message": "[{\"added\": {}}]"
    }
  },
  {
    "model": "admin.logentry",
    "pk": 65,
    "fields": {
      "action_time": "2023-08-31T13:37:58.437Z",
      "user": 1,
      "content_type": 10,
      "object_id": "29",
      "object_repr": "images/2023/08/31/Колонки3.jpg",
      "action_flag": 1,
      "change_message": "[{\"added\": {}}]"
    }
  },
  {
    "model": "admin.logentry",
    "pk": 66,
    "fields": {
      "action_time": "2023-08-31T13:38:07.353Z",
      "user": 1,
      "content_type": 11,
      "object_id": "10",
      "object_repr": "Колонки 5.1 Dialog AP-540",
      "action_flag": 2,
      "change_message": "[{\"changed\": {\"fields\": [\"Image\"]}}]"
    }
  },
  {
    "model": "admin.logentry",
    "pk": 67,
    "fields": {
      "action_time": "2023-08-31T13:41:41.589Z",
      "user": 1,
      "content_type": 11,
      "object_id": "11",
      "object_repr": "Колонки 2.0 Edifier S3000Pro",
      "action_flag": 1,
      "change_message": "[{\"added\": {}}]"
    }
  },
  {
    "model": "admin.logentry",
    "pk": 68,
    "fields": {
      "action_time": "2023-08-31T13:41:52.708Z",
      "user": 1,
      "content_type": 10,
      "object_id": "30",
      "object_repr": "images/2023/08/31/Колонки1_Ibks63F.jpg",
      "action_flag": 1,
      "change_message": "[{\"added\": {}}]"
    }
  },
  {
    "model": "admin.logentry",
    "pk": 69,
    "fields": {
      "action_time": "2023-08-31T13:42:04.119Z",
      "user": 1,
      "content_type": 10,
      "object_id": "31",
      "object_repr": "images/2023/08/31/Колонки2_xbqjb3p.jpg",
      "action_flag": 1,
      "change_message": "[{\"added\": {}}]"
    }
  },
  {
    "model": "admin.logentry",
    "pk": 70,
    "fields": {
      "action_time": "2023-08-31T13:42:13.381Z",
      "user": 1,
      "content_type": 10,
      "object_id": "32",
      "object_repr": "images/2023/08/31/Колонки3_NrRDmLj.jpg",
      "action_flag": 1,
      "change_message": "[{\"added\": {}}]"
    }
  },
  {
    "model": "admin.logentry",
    "pk": 71,
    "fields": {
      "action_time": "2023-08-31T13:42:16.524Z",
      "user": 1,
      "content_type": 11,
      "object_id": "11",
      "object_repr": "Колонки 2.0 Edifier S3000Pro",
      "action_flag": 2,
      "change_message": "[{\"changed\": {\"fields\": [\"Image\"]}}]"
    }
  },
  {
    "model": "admin.logentry",
    "pk": 72,
    "fields": {
      "action_time": "2023-08-31T13:47:56.035Z",
      "user": 1,
      "content_type": 11,
      "object_id": "12",
      "object_repr": "Зеркальный фотоаппарат Nikon D7500 Kit 18-140mm VR черный",
      "action_flag": 1,
      "change_message": "[{\"added\": {}}]"
    }
  },
  {
    "model": "admin.logentry",
    "pk": 73,
    "fields": {
      "action_time": "2023-08-31T13:48:14.888Z",
      "user": 1,
      "content_type": 10,
      "object_id": "33",
      "object_repr": "images/2023/08/31/photoap1.jpg",
      "action_flag": 1,
      "change_message": "[{\"added\": {}}]"
    }
  },
  {
    "model": "admin.logentry",
    "pk": 74,
    "fields": {
      "action_time": "2023-08-31T13:48:24.470Z",
      "user": 1,
      "content_type": 10,
      "object_id": "34",
      "object_repr": "images/2023/08/31/photoap2.jpg",
      "action_flag": 1,
      "change_message": "[{\"added\": {}}]"
    }
  },
  {
    "model": "admin.logentry",
    "pk": 75,
    "fields": {
      "action_time": "2023-08-31T13:48:38.465Z",
      "user": 1,
      "content_type": 10,
      "object_id": "35",
      "object_repr": "images/2023/08/31/photoap3.jpg",
      "action_flag": 1,
      "change_message": "[{\"added\": {}}]"
    }
  },
  {
    "model": "admin.logentry",
    "pk": 76,
    "fields": {
      "action_time": "2023-08-31T13:48:48.208Z",
      "user": 1,
      "content_type": 10,
      "object_id": "36",
      "object_repr": "images/2023/08/31/photoap4.jpg",
      "action_flag": 1,
      "change_message": "[{\"added\": {}}]"
    }
  },
  {
    "model": "admin.logentry",
    "pk": 77,
    "fields": {
      "action_time": "2023-08-31T13:48:53.080Z",
      "user": 1,
      "content_type": 11,
      "object_id": "12",
      "object_repr": "Зеркальный фотоаппарат Nikon D7500 Kit 18-140mm VR черный",
      "action_flag": 2,
      "change_message": "[{\"changed\": {\"fields\": [\"Image\"]}}]"
    }
  },
  {
    "model": "admin.logentry",
    "pk": 78,
    "fields": {
      "action_time": "2023-08-31T13:52:16.028Z",
      "user": 1,
      "content_type": 11,
      "object_id": "13",
      "object_repr": "Квадрокоптер DJI Mavic 3 Thermal серый",
      "action_flag": 1,
      "change_message": "[{\"added\": {}}]"
    }
  },
  {
    "model": "admin.logentry",
    "pk": 79,
    "fields": {
      "action_time": "2023-08-31T13:52:33.751Z",
      "user": 1,
      "content_type": 10,
      "object_id": "37",
      "object_repr": "images/2023/08/31/коптер1.jpg",
      "action_flag": 1,
      "change_message": "[{\"added\": {}}]"
    }
  },
  {
    "model": "admin.logentry",
    "pk": 80,
    "fields": {
      "action_time": "2023-08-31T13:52:42.848Z",
      "user": 1,
      "content_type": 10,
      "object_id": "38",
      "object_repr": "images/2023/08/31/коптер2.jpg",
      "action_flag": 1,
      "change_message": "[{\"added\": {}}]"
    }
  },
  {
    "model": "admin.logentry",
    "pk": 81,
    "fields": {
      "action_time": "2023-08-31T13:52:52.511Z",
      "user": 1,
      "content_type": 10,
      "object_id": "39",
      "object_repr": "images/2023/08/31/коптер3.jpg",
      "action_flag": 1,
      "change_message": "[{\"added\": {}}]"
    }
  },
  {
    "model": "admin.logentry",
    "pk": 82,
    "fields": {
      "action_time": "2023-08-31T13:53:01.767Z",
      "user": 1,
      "content_type": 10,
      "object_id": "40",
      "object_repr": "images/2023/08/31/коптер4.jpg",
      "action_flag": 1,
      "change_message": "[{\"added\": {}}]"
    }
  },
  {
    "model": "admin.logentry",
    "pk": 83,
    "fields": {
      "action_time": "2023-08-31T13:53:06.025Z",
      "user": 1,
      "content_type": 11,
      "object_id": "13",
      "object_repr": "Квадрокоптер DJI Mavic 3 Thermal серый",
      "action_flag": 2,
      "change_message": "[{\"changed\": {\"fields\": [\"Image\"]}}]"
    }
  },
  {
    "model": "admin.logentry",
    "pk": 84,
    "fields": {
      "action_time": "2023-08-31T18:38:04.285Z",
      "user": 1,
      "content_type": 11,
      "object_id": "14",
      "object_repr": "МФУ лазерное Pantum M6502",
      "action_flag": 1,
      "change_message": "[{\"added\": {}}]"
    }
  },
  {
    "model": "admin.logentry",
    "pk": 85,
    "fields": {
      "action_time": "2023-08-31T18:38:13.951Z",
      "user": 1,
      "content_type": 10,
      "object_id": "41",
      "object_repr": "images/2023/08/31/мфу1.jpg",
      "action_flag": 1,
      "change_message": "[{\"added\": {}}]"
    }
  },
  {
    "model": "admin.logentry",
    "pk": 86,
    "fields": {
      "action_time": "2023-08-31T18:38:24.024Z",
      "user": 1,
      "content_type": 10,
      "object_id": "42",
      "object_repr": "images/2023/08/31/мфу2.jpg",
      "action_flag": 1,
      "change_message": "[{\"added\": {}}]"
    }
  },
  {
    "model": "admin.logentry",
    "pk": 87,
    "fields": {
      "action_time": "2023-08-31T18:38:33.059Z",
      "user": 1,
      "content_type": 10,
      "object_id": "43",
      "object_repr": "images/2023/08/31/мфу3.jpg",
      "action_flag": 1,
      "change_message": "[{\"added\": {}}]"
    }
  },
  {
    "model": "admin.logentry",
    "pk": 88,
    "fields": {
      "action_time": "2023-08-31T18:38:41.386Z",
      "user": 1,
      "content_type": 10,
      "object_id": "44",
      "object_repr": "images/2023/08/31/мфу4.jpg",
      "action_flag": 1,
      "change_message": "[{\"added\": {}}]"
    }
  },
  {
    "model": "admin.logentry",
    "pk": 89,
    "fields": {
      "action_time": "2023-08-31T18:38:55.255Z",
      "user": 1,
      "content_type": 11,
      "object_id": "14",
      "object_repr": "МФУ лазерное Pantum M6502",
      "action_flag": 2,
      "change_message": "[{\"changed\": {\"fields\": [\"Image\"]}}]"
    }
  },
  {
    "model": "admin.logentry",
    "pk": 90,
    "fields": {
      "action_time": "2023-08-31T18:41:37.852Z",
      "user": 1,
      "content_type": 11,
      "object_id": "15",
      "object_repr": "Стол компьютерный Aceline Basic 01 коричневый",
      "action_flag": 1,
      "change_message": "[{\"added\": {}}]"
    }
  },
  {
    "model": "admin.logentry",
    "pk": 91,
    "fields": {
      "action_time": "2023-08-31T18:41:49.427Z",
      "user": 1,
      "content_type": 10,
      "object_id": "45",
      "object_repr": "images/2023/08/31/table1.jpg",
      "action_flag": 1,
      "change_message": "[{\"added\": {}}]"
    }
  },
  {
    "model": "admin.logentry",
    "pk": 92,
    "fields": {
      "action_time": "2023-08-31T18:41:56.344Z",
      "user": 1,
      "content_type": 10,
      "object_id": "46",
      "object_repr": "images/2023/08/31/table2.jpg",
      "action_flag": 1,
      "change_message": "[{\"added\": {}}]"
    }
  },
  {
    "model": "admin.logentry",
    "pk": 93,
    "fields": {
      "action_time": "2023-08-31T18:42:04.056Z",
      "user": 1,
      "content_type": 10,
      "object_id": "47",
      "object_repr": "images/2023/08/31/table3.jpg",
      "action_flag": 1,
      "change_message": "[{\"added\": {}}]"
    }
  },
  {
    "model": "admin.logentry",
    "pk": 94,
    "fields": {
      "action_time": "2023-08-31T18:42:10.825Z",
      "user": 1,
      "content_type": 10,
      "object_id": "48",
      "object_repr": "images/2023/08/31/table4.jpg",
      "action_flag": 1,
      "change_message": "[{\"added\": {}}]"
    }
  },
  {
    "model": "admin.logentry",
    "pk": 95,
    "fields": {
      "action_time": "2023-08-31T18:42:18.351Z",
      "user": 1,
      "content_type": 11,
      "object_id": "15",
      "object_repr": "Стол компьютерный Aceline Basic 01 коричневый",
      "action_flag": 2,
      "change_message": "[{\"changed\": {\"fields\": [\"Image\"]}}]"
    }
  },
  {
    "model": "admin.logentry",
    "pk": 96,
    "fields": {
      "action_time": "2023-08-31T18:48:28.179Z",
      "user": 1,
      "content_type": 11,
      "object_id": "16",
      "object_repr": "6.55\" Смартфон Nothing Phone 1 128 ГБ черный",
      "action_flag": 1,
      "change_message": "[{\"added\": {}}]"
    }
  },
  {
    "model": "admin.logentry",
    "pk": 97,
    "fields": {
      "action_time": "2023-08-31T18:48:41.810Z",
      "user": 1,
      "content_type": 10,
      "object_id": "49",
      "object_repr": "images/2023/08/31/phone1.jpg",
      "action_flag": 1,
      "change_message": "[{\"added\": {}}]"
    }
  },
  {
    "model": "admin.logentry",
    "pk": 98,
    "fields": {
      "action_time": "2023-08-31T18:48:50.431Z",
      "user": 1,
      "content_type": 10,
      "object_id": "50",
      "object_repr": "images/2023/08/31/phone2.jpg",
      "action_flag": 1,
      "change_message": "[{\"added\": {}}]"
    }
  },
  {
    "model": "admin.logentry",
    "pk": 99,
    "fields": {
      "action_time": "2023-08-31T18:49:02.687Z",
      "user": 1,
      "content_type": 10,
      "object_id": "51",
      "object_repr": "images/2023/08/31/phone3.jpg",
      "action_flag": 1,
      "change_message": "[{\"added\": {}}]"
    }
  },
  {
    "model": "admin.logentry",
    "pk": 100,
    "fields": {
      "action_time": "2023-08-31T18:49:07.837Z",
      "user": 1,
      "content_type": 11,
      "object_id": "16",
      "object_repr": "6.55\" Смартфон Nothing Phone 1 128 ГБ черный",
      "action_flag": 2,
      "change_message": "[{\"changed\": {\"fields\": [\"Image\"]}}]"
    }
  },
  {
    "model": "admin.logentry",
    "pk": 101,
    "fields": {
      "action_time": "2023-08-31T18:49:12.904Z",
      "user": 1,
      "content_type": 11,
      "object_id": "16",
      "object_repr": "6.55\" Смартфон Nothing Phone 1 128 ГБ черный",
      "action_flag": 2,
      "change_message": "[]"
    }
  },
  {
    "model": "admin.logentry",
    "pk": 102,
    "fields": {
      "action_time": "2023-08-31T18:50:57.979Z",
      "user": 1,
      "content_type": 11,
      "object_id": "17",
      "object_repr": "4.7\" Смартфон Apple iPhone SE 2022 64 ГБ красный",
      "action_flag": 1,
      "change_message": "[{\"added\": {}}]"
    }
  },
  {
    "model": "admin.logentry",
    "pk": 103,
    "fields": {
      "action_time": "2023-08-31T18:51:08.058Z",
      "user": 1,
      "content_type": 10,
      "object_id": "52",
      "object_repr": "images/2023/08/31/phone1_ZcxDc9c.jpg",
      "action_flag": 1,
      "change_message": "[{\"added\": {}}]"
    }
  },
  {
    "model": "admin.logentry",
    "pk": 104,
    "fields": {
      "action_time": "2023-08-31T18:51:15.912Z",
      "user": 1,
      "content_type": 10,
      "object_id": "53",
      "object_repr": "images/2023/08/31/phone2_vsicKoL.jpg",
      "action_flag": 1,
      "change_message": "[{\"added\": {}}]"
    }
  },
  {
    "model": "admin.logentry",
    "pk": 105,
    "fields": {
      "action_time": "2023-08-31T18:51:24.921Z",
      "user": 1,
      "content_type": 10,
      "object_id": "54",
      "object_repr": "images/2023/08/31/phone3_3WMv5cl.jpg",
      "action_flag": 1,
      "change_message": "[{\"added\": {}}]"
    }
  },
  {
    "model": "admin.logentry",
    "pk": 106,
    "fields": {
      "action_time": "2023-08-31T18:51:39.075Z",
      "user": 1,
      "content_type": 11,
      "object_id": "17",
      "object_repr": "4.7\" Смартфон Apple iPhone SE 2022 64 ГБ красный",
      "action_flag": 2,
      "change_message": "[{\"changed\": {\"fields\": [\"Image\"]}}]"
    }
  },
  {
    "model": "admin.logentry",
    "pk": 107,
    "fields": {
      "action_time": "2023-08-31T18:53:52.219Z",
      "user": 1,
      "content_type": 11,
      "object_id": "18",
      "object_repr": "6.7\" Смартфон Apple iPhone 14 Pro Max 512 ГБ фиолетовый",
      "action_flag": 1,
      "change_message": "[{\"added\": {}}]"
    }
  },
  {
    "model": "admin.logentry",
    "pk": 108,
    "fields": {
      "action_time": "2023-08-31T18:54:01.332Z",
      "user": 1,
      "content_type": 10,
      "object_id": "55",
      "object_repr": "images/2023/08/31/phone1_aUNsxV9.jpg",
      "action_flag": 1,
      "change_message": "[{\"added\": {}}]"
    }
  },
  {
    "model": "admin.logentry",
    "pk": 109,
    "fields": {
      "action_time": "2023-08-31T18:54:09.646Z",
      "user": 1,
      "content_type": 10,
      "object_id": "56",
      "object_repr": "images/2023/08/31/phone2_8EGNbTm.jpg",
      "action_flag": 1,
      "change_message": "[{\"added\": {}}]"
    }
  },
  {
    "model": "admin.logentry",
    "pk": 110,
    "fields": {
      "action_time": "2023-08-31T18:54:20.124Z",
      "user": 1,
      "content_type": 10,
      "object_id": "57",
      "object_repr": "images/2023/08/31/phone3_taZpcUf.jpg",
      "action_flag": 1,
      "change_message": "[{\"added\": {}}]"
    }
  },
  {
    "model": "admin.logentry",
    "pk": 111,
    "fields": {
      "action_time": "2023-08-31T18:54:34.802Z",
      "user": 1,
      "content_type": 11,
      "object_id": "18",
      "object_repr": "6.7\" Смартфон Apple iPhone 14 Pro Max 512 ГБ фиолетовый",
      "action_flag": 2,
      "change_message": "[{\"changed\": {\"fields\": [\"Image\"]}}]"
    }
  },
  {
    "model": "admin.logentry",
    "pk": 112,
    "fields": {
      "action_time": "2023-08-31T18:59:39.527Z",
      "user": 1,
      "content_type": 11,
      "object_id": "19",
      "object_repr": "Микроволновая печь LG MJ3965BIS черный",
      "action_flag": 1,
      "change_message": "[{\"added\": {}}]"
    }
  },
  {
    "model": "admin.logentry",
    "pk": 113,
    "fields": {
      "action_time": "2023-08-31T18:59:48.623Z",
      "user": 1,
      "content_type": 10,
      "object_id": "58",
      "object_repr": "images/2023/08/31/microp1.jpg",
      "action_flag": 1,
      "change_message": "[{\"added\": {}}]"
    }
  },
  {
    "model": "admin.logentry",
    "pk": 114,
    "fields": {
      "action_time": "2023-08-31T18:59:56.791Z",
      "user": 1,
      "content_type": 10,
      "object_id": "59",
      "object_repr": "images/2023/08/31/microp2.jpg",
      "action_flag": 1,
      "change_message": "[{\"added\": {}}]"
    }
  },
  {
    "model": "admin.logentry",
    "pk": 115,
    "fields": {
      "action_time": "2023-08-31T19:00:04.823Z",
      "user": 1,
      "content_type": 10,
      "object_id": "60",
      "object_repr": "images/2023/08/31/microp3.jpg",
      "action_flag": 1,
      "change_message": "[{\"added\": {}}]"
    }
  },
  {
    "model": "admin.logentry",
    "pk": 116,
    "fields": {
      "action_time": "2023-08-31T19:00:12.847Z",
      "user": 1,
      "content_type": 10,
      "object_id": "61",
      "object_repr": "images/2023/08/31/microp4.jpg",
      "action_flag": 1,
      "change_message": "[{\"added\": {}}]"
    }
  },
  {
    "model": "admin.logentry",
    "pk": 117,
    "fields": {
      "action_time": "2023-08-31T19:00:34.173Z",
      "user": 1,
      "content_type": 11,
      "object_id": "19",
      "object_repr": "Микроволновая печь LG MJ3965BIS черный",
      "action_flag": 2,
      "change_message": "[{\"changed\": {\"fields\": [\"Image\", \"Limited\"]}}]"
    }
  },
  {
    "model": "admin.logentry",
    "pk": 118,
    "fields": {
      "action_time": "2023-08-31T19:02:03.231Z",
      "user": 1,
      "content_type": 11,
      "object_id": "20",
      "object_repr": "Микроволновая печь Samsung MC35R8088LN/BW голубой",
      "action_flag": 1,
      "change_message": "[{\"added\": {}}]"
    }
  },
  {
    "model": "admin.logentry",
    "pk": 119,
    "fields": {
      "action_time": "2023-08-31T19:02:20.593Z",
      "user": 1,
      "content_type": 10,
      "object_id": "62",
      "object_repr": "images/2023/08/31/microp1_a2coSTd.jpg",
      "action_flag": 1,
      "change_message": "[{\"added\": {}}]"
    }
  },
  {
    "model": "admin.logentry",
    "pk": 120,
    "fields": {
      "action_time": "2023-08-31T19:02:29.327Z",
      "user": 1,
      "content_type": 10,
      "object_id": "63",
      "object_repr": "images/2023/08/31/microp2_BBNGbFC.jpg",
      "action_flag": 1,
      "change_message": "[{\"added\": {}}]"
    }
  },
  {
    "model": "admin.logentry",
    "pk": 121,
    "fields": {
      "action_time": "2023-08-31T19:02:38.234Z",
      "user": 1,
      "content_type": 10,
      "object_id": "64",
      "object_repr": "images/2023/08/31/microp3_YDVrqMB.jpg",
      "action_flag": 1,
      "change_message": "[{\"added\": {}}]"
    }
  },
  {
    "model": "admin.logentry",
    "pk": 122,
    "fields": {
      "action_time": "2023-08-31T19:02:46.780Z",
      "user": 1,
      "content_type": 10,
      "object_id": "65",
      "object_repr": "images/2023/08/31/microp4_IFIAqgT.jpg",
      "action_flag": 1,
      "change_message": "[{\"added\": {}}]"
    }
  },
  {
    "model": "admin.logentry",
    "pk": 123,
    "fields": {
      "action_time": "2023-08-31T19:02:49.631Z",
      "user": 1,
      "content_type": 11,
      "object_id": "20",
      "object_repr": "Микроволновая печь Samsung MC35R8088LN/BW голубой",
      "action_flag": 2,
      "change_message": "[{\"changed\": {\"fields\": [\"Image\"]}}]"
    }
  },
  {
    "model": "admin.logentry",
    "pk": 124,
    "fields": {
      "action_time": "2023-08-31T19:07:05.838Z",
      "user": 1,
      "content_type": 11,
      "object_id": "21",
      "object_repr": "Электрочайник Aceline SS1800 фиолетовый",
      "action_flag": 1,
      "change_message": "[{\"added\": {}}]"
    }
  },
  {
    "model": "admin.logentry",
    "pk": 125,
    "fields": {
      "action_time": "2023-08-31T19:07:17.053Z",
      "user": 1,
      "content_type": 10,
      "object_id": "66",
      "object_repr": "images/2023/08/31/microp1_oFQ4pHS.jpg",
      "action_flag": 1,
      "change_message": "[{\"added\": {}}]"
    }
  },
  {
    "model": "admin.logentry",
    "pk": 126,
    "fields": {
      "action_time": "2023-08-31T19:07:26.420Z",
      "user": 1,
      "content_type": 10,
      "object_id": "67",
      "object_repr": "images/2023/08/31/microp2_Lyp6Nih.jpg",
      "action_flag": 1,
      "change_message": "[{\"added\": {}}]"
    }
  },
  {
    "model": "admin.logentry",
    "pk": 127,
    "fields": {
      "action_time": "2023-08-31T19:07:34.311Z",
      "user": 1,
      "content_type": 10,
      "object_id": "68",
      "object_repr": "images/2023/08/31/microp3_SrPalI3.jpg",
      "action_flag": 1,
      "change_message": "[{\"added\": {}}]"
    }
  },
  {
    "model": "admin.logentry",
    "pk": 128,
    "fields": {
      "action_time": "2023-08-31T19:07:42.207Z",
      "user": 1,
      "content_type": 10,
      "object_id": "69",
      "object_repr": "images/2023/08/31/microp4_TzAnQx1.jpg",
      "action_flag": 1,
      "change_message": "[{\"added\": {}}]"
    }
  },
  {
    "model": "admin.logentry",
    "pk": 129,
    "fields": {
      "action_time": "2023-08-31T19:07:45.785Z",
      "user": 1,
      "content_type": 11,
      "object_id": "21",
      "object_repr": "Электрочайник Aceline SS1800 фиолетовый",
      "action_flag": 2,
      "change_message": "[{\"changed\": {\"fields\": [\"Image\", \"Limited\"]}}]"
    }
  },
  {
    "model": "admin.logentry",
    "pk": 130,
    "fields": {
      "action_time": "2023-08-31T19:10:34.047Z",
      "user": 1,
      "content_type": 11,
      "object_id": "22",
      "object_repr": "Кофемашина автоматическая Nivona CafeRomatica NICR 970 серый",
      "action_flag": 1,
      "change_message": "[{\"added\": {}}]"
    }
  },
  {
    "model": "admin.logentry",
    "pk": 131,
    "fields": {
      "action_time": "2023-08-31T19:10:44.914Z",
      "user": 1,
      "content_type": 10,
      "object_id": "70",
      "object_repr": "images/2023/08/31/microp1_s9ZaL3J.jpg",
      "action_flag": 1,
      "change_message": "[{\"added\": {}}]"
    }
  },
  {
    "model": "admin.logentry",
    "pk": 132,
    "fields": {
      "action_time": "2023-08-31T19:10:53.026Z",
      "user": 1,
      "content_type": 10,
      "object_id": "71",
      "object_repr": "images/2023/08/31/microp2_Mgg9hCM.jpg",
      "action_flag": 1,
      "change_message": "[{\"added\": {}}]"
    }
  },
  {
    "model": "admin.logentry",
    "pk": 133,
    "fields": {
      "action_time": "2023-08-31T19:11:02.436Z",
      "user": 1,
      "content_type": 10,
      "object_id": "72",
      "object_repr": "images/2023/08/31/microp3_3irp4fQ.jpg",
      "action_flag": 1,
      "change_message": "[{\"added\": {}}]"
    }
  },
  {
    "model": "admin.logentry",
    "pk": 134,
    "fields": {
      "action_time": "2023-08-31T19:11:10.923Z",
      "user": 1,
      "content_type": 10,
      "object_id": "73",
      "object_repr": "images/2023/08/31/microp4_82kBOlM.jpg",
      "action_flag": 1,
      "change_message": "[{\"added\": {}}]"
    }
  },
  {
    "model": "admin.logentry",
    "pk": 135,
    "fields": {
      "action_time": "2023-08-31T19:11:19.611Z",
      "user": 1,
      "content_type": 11,
      "object_id": "22",
      "object_repr": "Кофемашина автоматическая Nivona CafeRomatica NICR 970 серый",
      "action_flag": 2,
      "change_message": "[{\"changed\": {\"fields\": [\"Image\"]}}]"
    }
  },
  {
    "model": "admin.logentry",
    "pk": 136,
    "fields": {
      "action_time": "2023-08-31T19:13:28.262Z",
      "user": 1,
      "content_type": 11,
      "object_id": "23",
      "object_repr": "Торшер Ambrella light TR3030/27 черный",
      "action_flag": 1,
      "change_message": "[{\"added\": {}}]"
    }
  },
  {
    "model": "admin.logentry",
    "pk": 137,
    "fields": {
      "action_time": "2023-08-31T19:13:37.438Z",
      "user": 1,
      "content_type": 10,
      "object_id": "74",
      "object_repr": "images/2023/08/31/microp1_g9gaZpe.jpg",
      "action_flag": 1,
      "change_message": "[{\"added\": {}}]"
    }
  },
  {
    "model": "admin.logentry",
    "pk": 138,
    "fields": {
      "action_time": "2023-08-31T19:13:41.440Z",
      "user": 1,
      "content_type": 11,
      "object_id": "23",
      "object_repr": "Торшер Ambrella light TR3030/27 черный",
      "action_flag": 2,
      "change_message": "[{\"changed\": {\"fields\": [\"Image\"]}}]"
    }
  },
  {
    "model": "sessions.session",
    "pk": "4rj859ex0orsvhkmwcesref8hsasm0sv",
    "fields": {
      "session_data": ".eJxVjMsOgjAQRf-la9P0NRZcuucbmmnnIqiBhMLK-O9KwkK395xzXyrxtg5pq1jSKOqirDr9bpnLA9MO5M7TbdZlntZlzHpX9EGr7mbB83q4fwcD1-FbG3hqENuCiIaty6ZHELLRZZa-JUKU0jZSQCF4DhlnDx-coRjhC6n3B_mwOEE:1qYivo:XTVQX1LAm5xv6yPBzi_NufuXyVUh9FtHlR0S6ZXAP_4",
      "expire_date": "2023-09-06T08:09:36.619Z"
    }
  },
  {
    "model": "sessions.session",
    "pk": "a8d76eh9xaemy3m8gumg76atw3e0r6do",
    "fields": {
      "session_data": ".eJxVjMsOgjAQRf-la9P0NRZcuucbmmnnIqiBhMLK-O9KwkK395xzXyrxtg5pq1jSKOqirDr9bpnLA9MO5M7TbdZlntZlzHpX9EGr7mbB83q4fwcD1-FbG3hqENuCiIaty6ZHELLRZZa-JUKU0jZSQCF4DhlnDx-coRjhC6n3B_mwOEE:1qbjgU:Ec2ijrCmGYrrtW7kT7rZxZ2oUrbDpRKA4dEeGFNtHuk",
      "expire_date": "2023-09-14T15:34:14.291Z"
    }
  },
  {
    "model": "auth_app.user",
    "pk": 1,
    "fields": {
      "password": "pbkdf2_sha256$600000$Wa1qkckkWdsjnjhpBUEqNL$MdjIlpsSAw363gU7e1XOiGi1Av52Xwfwyqz5rLhHuLs=",
      "last_login": "2023-08-31T15:34:14.287Z",
      "is_superuser": true,
      "first_name": "",
      "last_name": "",
      "is_staff": true,
      "is_active": true,
      "date_joined": "2023-08-23T08:08:45.706Z",
      "username": "admin",
      "email": "main_ivan@mail.ru",
      "middle_name": "",
      "activation_key": "",
      "activation_key_set": "2023-08-31T05:58:23.475Z",
      "is_activation_key_expired": null,
      "groups": [],
      "user_permissions": []
    }
  },
  {
    "model": "taggit.tag",
    "pk": 1,
    "fields": {
      "name": "video",
      "slug": "video"
    }
  },
  {
    "model": "taggit.tag",
    "pk": 2,
    "fields": {
      "name": "tv",
      "slug": "tv"
    }
  },
  {
    "model": "taggit.tag",
    "pk": 3,
    "fields": {
      "name": "headphones",
      "slug": "headphones"
    }
  },
  {
    "model": "taggit.tag",
    "pk": 4,
    "fields": {
      "name": "voice",
      "slug": "voice"
    }
  },
  {
    "model": "taggit.tag",
    "pk": 5,
    "fields": {
      "name": "pk",
      "slug": "pk"
    }
  },
  {
    "model": "taggit.tag",
    "pk": 6,
    "fields": {
      "name": "clear",
      "slug": "clear"
    }
  },
  {
    "model": "taggit.tag",
    "pk": 7,
    "fields": {
      "name": "washing machine",
      "slug": "washing-machine"
    }
  },
  {
    "model": "taggit.tag",
    "pk": 8,
    "fields": {
      "name": "5.1",
      "slug": "51"
    }
  },
  {
    "model": "taggit.tag",
    "pk": 9,
    "fields": {
      "name": "sound",
      "slug": "sound"
    }
  },
  {
    "model": "taggit.tag",
    "pk": 10,
    "fields": {
      "name": "KLEERNET",
      "slug": "kleernet"
    }
  },
  {
    "model": "taggit.tag",
    "pk": 11,
    "fields": {
      "name": "2.0",
      "slug": "20"
    }
  },
  {
    "model": "taggit.tag",
    "pk": 12,
    "fields": {
      "name": "256Вт",
      "slug": "256вт"
    }
  },
  {
    "model": "taggit.tag",
    "pk": 13,
    "fields": {
      "name": "photo",
      "slug": "photo"
    }
  },
  {
    "model": "taggit.tag",
    "pk": 14,
    "fields": {
      "name": "camera",
      "slug": "camera"
    }
  },
  {
    "model": "taggit.tag",
    "pk": 15,
    "fields": {
      "name": "slr",
      "slug": "slr"
    }
  },
  {
    "model": "taggit.tag",
    "pk": 16,
    "fields": {
      "name": "fly",
      "slug": "fly"
    }
  },
  {
    "model": "taggit.tag",
    "pk": 17,
    "fields": {
      "name": "mfu",
      "slug": "mfu"
    }
  },
  {
    "model": "taggit.tag",
    "pk": 18,
    "fields": {
      "name": "print",
      "slug": "print"
    }
  },
  {
    "model": "taggit.tag",
    "pk": 19,
    "fields": {
      "name": "table",
      "slug": "table"
    }
  },
  {
    "model": "taggit.tag",
    "pk": 20,
    "fields": {
      "name": "Nothing Phone",
      "slug": "nothing-phone"
    }
  },
  {
    "model": "taggit.tag",
    "pk": 21,
    "fields": {
      "name": "phone",
      "slug": "phone"
    }
  },
  {
    "model": "taggit.tag",
    "pk": 22,
    "fields": {
      "name": "smartphone",
      "slug": "smartphone"
    }
  },
  {
    "model": "taggit.tag",
    "pk": 23,
    "fields": {
      "name": "iPhone",
      "slug": "iphone"
    }
  },
  {
    "model": "taggit.tag",
    "pk": 24,
    "fields": {
      "name": "Apple",
      "slug": "apple"
    }
  },
  {
    "model": "taggit.tag",
    "pk": 25,
    "fields": {
      "name": "microwave",
      "slug": "microwave"
    }
  },
  {
    "model": "taggit.tag",
    "pk": 26,
    "fields": {
      "name": "teapot",
      "slug": "teapot"
    }
  },
  {
    "model": "taggit.tag",
    "pk": 27,
    "fields": {
      "name": "kettle",
      "slug": "kettle"
    }
  },
  {
    "model": "taggit.tag",
    "pk": 28,
    "fields": {
      "name": "coffee",
      "slug": "coffee"
    }
  },
  {
    "model": "taggit.tag",
    "pk": 29,
    "fields": {
      "name": "coffee machines",
      "slug": "coffee-machines"
    }
  },
  {
    "model": "taggit.tag",
    "pk": 30,
    "fields": {
      "name": "lamp",
      "slug": "lamp"
    }
  },
  {
    "model": "taggit.tag",
    "pk": 31,
    "fields": {
      "name": "torchere",
      "slug": "torchere"
    }
  },
  {
    "model": "taggit.taggeditem",
    "pk": 1,
    "fields": {
      "tag": 1,
      "content_type": 11,
      "object_id": 1
    }
  },
  {
    "model": "taggit.taggeditem",
    "pk": 2,
    "fields": {
      "tag": 2,
      "content_type": 11,
      "object_id": 1
    }
  },
  {
    "model": "taggit.taggeditem",
    "pk": 3,
    "fields": {
      "tag": 1,
      "content_type": 11,
      "object_id": 2
    }
  },
  {
    "model": "taggit.taggeditem",
    "pk": 4,
    "fields": {
      "tag": 2,
      "content_type": 11,
      "object_id": 2
    }
  },
  {
    "model": "taggit.taggeditem",
    "pk": 5,
    "fields": {
      "tag": 1,
      "content_type": 11,
      "object_id": 3
    }
  },
  {
    "model": "taggit.taggeditem",
    "pk": 6,
    "fields": {
      "tag": 2,
      "content_type": 11,
      "object_id": 3
    }
  },
  {
    "model": "taggit.taggeditem",
    "pk": 7,
    "fields": {
      "tag": 1,
      "content_type": 11,
      "object_id": 4
    }
  },
  {
    "model": "taggit.taggeditem",
    "pk": 8,
    "fields": {
      "tag": 2,
      "content_type": 11,
      "object_id": 4
    }
  },
  {
    "model": "taggit.taggeditem",
    "pk": 9,
    "fields": {
      "tag": 3,
      "content_type": 11,
      "object_id": 5
    }
  },
  {
    "model": "taggit.taggeditem",
    "pk": 10,
    "fields": {
      "tag": 4,
      "content_type": 11,
      "object_id": 5
    }
  },
  {
    "model": "taggit.taggeditem",
    "pk": 11,
    "fields": {
      "tag": 5,
      "content_type": 11,
      "object_id": 5
    }
  },
  {
    "model": "taggit.taggeditem",
    "pk": 12,
    "fields": {
      "tag": 3,
      "content_type": 11,
      "object_id": 6
    }
  },
  {
    "model": "taggit.taggeditem",
    "pk": 13,
    "fields": {
      "tag": 4,
      "content_type": 11,
      "object_id": 6
    }
  },
  {
    "model": "taggit.taggeditem",
    "pk": 14,
    "fields": {
      "tag": 5,
      "content_type": 11,
      "object_id": 6
    }
  },
  {
    "model": "taggit.taggeditem",
    "pk": 15,
    "fields": {
      "tag": 6,
      "content_type": 11,
      "object_id": 7
    }
  },
  {
    "model": "taggit.taggeditem",
    "pk": 16,
    "fields": {
      "tag": 7,
      "content_type": 11,
      "object_id": 7
    }
  },
  {
    "model": "taggit.taggeditem",
    "pk": 17,
    "fields": {
      "tag": 6,
      "content_type": 11,
      "object_id": 8
    }
  },
  {
    "model": "taggit.taggeditem",
    "pk": 18,
    "fields": {
      "tag": 7,
      "content_type": 11,
      "object_id": 8
    }
  },
  {
    "model": "taggit.taggeditem",
    "pk": 19,
    "fields": {
      "tag": 6,
      "content_type": 11,
      "object_id": 9
    }
  },
  {
    "model": "taggit.taggeditem",
    "pk": 20,
    "fields": {
      "tag": 7,
      "content_type": 11,
      "object_id": 9
    }
  },
  {
    "model": "taggit.taggeditem",
    "pk": 21,
    "fields": {
      "tag": 8,
      "content_type": 11,
      "object_id": 10
    }
  },
  {
    "model": "taggit.taggeditem",
    "pk": 22,
    "fields": {
      "tag": 9,
      "content_type": 11,
      "object_id": 10
    }
  },
  {
    "model": "taggit.taggeditem",
    "pk": 23,
    "fields": {
      "tag": 9,
      "content_type": 11,
      "object_id": 11
    }
  },
  {
    "model": "taggit.taggeditem",
    "pk": 24,
    "fields": {
      "tag": 10,
      "content_type": 11,
      "object_id": 11
    }
  },
  {
    "model": "taggit.taggeditem",
    "pk": 25,
    "fields": {
      "tag": 11,
      "content_type": 11,
      "object_id": 11
    }
  },
  {
    "model": "taggit.taggeditem",
    "pk": 26,
    "fields": {
      "tag": 12,
      "content_type": 11,
      "object_id": 11
    }
  },
  {
    "model": "taggit.taggeditem",
    "pk": 27,
    "fields": {
      "tag": 13,
      "content_type": 11,
      "object_id": 12
    }
  },
  {
    "model": "taggit.taggeditem",
    "pk": 28,
    "fields": {
      "tag": 14,
      "content_type": 11,
      "object_id": 12
    }
  },
  {
    "model": "taggit.taggeditem",
    "pk": 29,
    "fields": {
      "tag": 15,
      "content_type": 11,
      "object_id": 12
    }
  },
  {
    "model": "taggit.taggeditem",
    "pk": 30,
    "fields": {
      "tag": 16,
      "content_type": 11,
      "object_id": 13
    }
  },
  {
    "model": "taggit.taggeditem",
    "pk": 31,
    "fields": {
      "tag": 13,
      "content_type": 11,
      "object_id": 13
    }
  },
  {
    "model": "taggit.taggeditem",
    "pk": 32,
    "fields": {
      "tag": 14,
      "content_type": 11,
      "object_id": 13
    }
  },
  {
    "model": "taggit.taggeditem",
    "pk": 33,
    "fields": {
      "tag": 17,
      "content_type": 11,
      "object_id": 14
    }
  },
  {
    "model": "taggit.taggeditem",
    "pk": 34,
    "fields": {
      "tag": 18,
      "content_type": 11,
      "object_id": 14
    }
  },
  {
    "model": "taggit.taggeditem",
    "pk": 35,
    "fields": {
      "tag": 19,
      "content_type": 11,
      "object_id": 15
    }
  },
  {
    "model": "taggit.taggeditem",
    "pk": 36,
    "fields": {
      "tag": 20,
      "content_type": 11,
      "object_id": 16
    }
  },
  {
    "model": "taggit.taggeditem",
    "pk": 37,
    "fields": {
      "tag": 21,
      "content_type": 11,
      "object_id": 16
    }
  },
  {
    "model": "taggit.taggeditem",
    "pk": 38,
    "fields": {
      "tag": 22,
      "content_type": 11,
      "object_id": 16
    }
  },
  {
    "model": "taggit.taggeditem",
    "pk": 39,
    "fields": {
      "tag": 20,
      "content_type": 11,
      "object_id": 17
    }
  },
  {
    "model": "taggit.taggeditem",
    "pk": 40,
    "fields": {
      "tag": 21,
      "content_type": 11,
      "object_id": 17
    }
  },
  {
    "model": "taggit.taggeditem",
    "pk": 41,
    "fields": {
      "tag": 22,
      "content_type": 11,
      "object_id": 17
    }
  },
  {
    "model": "taggit.taggeditem",
    "pk": 42,
    "fields": {
      "tag": 24,
      "content_type": 11,
      "object_id": 18
    }
  },
  {
    "model": "taggit.taggeditem",
    "pk": 43,
    "fields": {
      "tag": 21,
      "content_type": 11,
      "object_id": 18
    }
  },
  {
    "model": "taggit.taggeditem",
    "pk": 44,
    "fields": {
      "tag": 22,
      "content_type": 11,
      "object_id": 18
    }
  },
  {
    "model": "taggit.taggeditem",
    "pk": 45,
    "fields": {
      "tag": 23,
      "content_type": 11,
      "object_id": 18
    }
  },
  {
    "model": "taggit.taggeditem",
    "pk": 46,
    "fields": {
      "tag": 25,
      "content_type": 11,
      "object_id": 19
    }
  },
  {
    "model": "taggit.taggeditem",
    "pk": 47,
    "fields": {
      "tag": 25,
      "content_type": 11,
      "object_id": 20
    }
  },
  {
    "model": "taggit.taggeditem",
    "pk": 48,
    "fields": {
      "tag": 26,
      "content_type": 11,
      "object_id": 21
    }
  },
  {
    "model": "taggit.taggeditem",
    "pk": 49,
    "fields": {
      "tag": 27,
      "content_type": 11,
      "object_id": 21
    }
  },
  {
    "model": "taggit.taggeditem",
    "pk": 50,
    "fields": {
      "tag": 28,
      "content_type": 11,
      "object_id": 22
    }
  },
  {
    "model": "taggit.taggeditem",
    "pk": 51,
    "fields": {
      "tag": 29,
      "content_type": 11,
      "object_id": 22
    }
  },
  {
    "model": "taggit.taggeditem",
    "pk": 52,
    "fields": {
      "tag": 30,
      "content_type": 11,
      "object_id": 23
    }
  },
  {
    "model": "taggit.taggeditem",
    "pk": 53,
    "fields": {
      "tag": 31,
      "content_type": 11,
      "object_id": 23
    }
  },
  {
    "model": "catalog_app.category",
    "pk": 1,
    "fields": {
      "created_at": "2023-08-31T07:38:51.817Z",
      "updated_at": "2023-08-31T07:38:51.817Z",
      "is_active": true,
      "title": "Телевизоры",
      "image": "images/2023/08/31/1.svg"
    }
  },
  {
    "model": "catalog_app.category",
    "pk": 2,
    "fields": {
      "created_at": "2023-08-31T07:41:12.062Z",
      "updated_at": "2023-08-31T07:41:12.062Z",
      "is_active": true,
      "title": "Наушники",
      "image": "images/2023/08/31/2.svg"
    }
  },
  {
    "model": "catalog_app.category",
    "pk": 3,
    "fields": {
      "created_at": "2023-08-31T07:41:33.558Z",
      "updated_at": "2023-08-31T07:41:33.558Z",
      "is_active": true,
      "title": "Стиральные машины",
      "image": "images/2023/08/31/3.svg"
    }
  },
  {
    "model": "catalog_app.category",
    "pk": 4,
    "fields": {
      "created_at": "2023-08-31T07:42:03.771Z",
      "updated_at": "2023-08-31T07:42:03.771Z",
      "is_active": true,
      "title": "Скидки",
      "image": "images/2023/08/31/4.svg"
    }
  },
  {
    "model": "catalog_app.category",
    "pk": 5,
    "fields": {
      "created_at": "2023-08-31T07:42:24.295Z",
      "updated_at": "2023-08-31T07:42:24.295Z",
      "is_active": true,
      "title": "Электроника",
      "image": "images/2023/08/31/5.svg"
    }
  },
  {
    "model": "catalog_app.category",
    "pk": 6,
    "fields": {
      "created_at": "2023-08-31T07:42:48.774Z",
      "updated_at": "2023-08-31T07:42:48.774Z",
      "is_active": true,
      "title": "Фотоаппараты",
      "image": "images/2023/08/31/6.svg"
    }
  },
  {
    "model": "catalog_app.category",
    "pk": 7,
    "fields": {
      "created_at": "2023-08-31T07:43:20.143Z",
      "updated_at": "2023-08-31T07:43:20.143Z",
      "is_active": true,
      "title": "Фурнитура",
      "image": "images/2023/08/31/7.svg"
    }
  },
  {
    "model": "catalog_app.category",
    "pk": 8,
    "fields": {
      "created_at": "2023-08-31T07:43:31.824Z",
      "updated_at": "2023-08-31T07:43:31.824Z",
      "is_active": true,
      "title": "Мобильные телефоны",
      "image": "images/2023/08/31/8.svg"
    }
  },
  {
    "model": "catalog_app.category",
    "pk": 9,
    "fields": {
      "created_at": "2023-08-31T07:44:07.528Z",
      "updated_at": "2023-08-31T07:44:07.528Z",
      "is_active": true,
      "title": "Микроволновые печи",
      "image": "images/2023/08/31/9.svg"
    }
  },
  {
    "model": "catalog_app.category",
    "pk": 10,
    "fields": {
      "created_at": "2023-08-31T07:44:39.481Z",
      "updated_at": "2023-08-31T07:44:39.481Z",
      "is_active": true,
      "title": "Кухонная техника",
      "image": "images/2023/08/31/10.svg"
    }
  },
  {
    "model": "catalog_app.category",
    "pk": 11,
    "fields": {
      "created_at": "2023-08-31T07:45:03.241Z",
      "updated_at": "2023-08-31T07:45:03.242Z",
      "is_active": true,
      "title": "Торшеры",
      "image": "images/2023/08/31/11.svg"
    }
  },
  {
    "model": "catalog_app.image",
    "pk": 1,
    "fields": {
      "created_at": "2023-08-31T08:32:25.695Z",
      "updated_at": "2023-08-31T08:32:25.695Z",
      "is_active": true,
      "image": "images/2023/08/31/Телевизор1.jpg",
      "product": 1
    }
  },
  {
    "model": "catalog_app.image",
    "pk": 2,
    "fields": {
      "created_at": "2023-08-31T08:35:11.310Z",
      "updated_at": "2023-08-31T08:35:11.310Z",
      "is_active": true,
      "image": "images/2023/08/31/Телевизор2.jpg",
      "product": 1
    }
  },
  {
    "model": "catalog_app.image",
    "pk": 3,
    "fields": {
      "created_at": "2023-08-31T08:36:07.076Z",
      "updated_at": "2023-08-31T08:36:07.076Z",
      "is_active": true,
      "image": "images/2023/08/31/Телевизор3.jpg",
      "product": 1
    }
  },
  {
    "model": "catalog_app.image",
    "pk": 4,
    "fields": {
      "created_at": "2023-08-31T08:41:56.737Z",
      "updated_at": "2023-08-31T08:41:56.737Z",
      "is_active": true,
      "image": "images/2023/08/31/Телевизор1_JCBQNS3.jpg",
      "product": 2
    }
  },
  {
    "model": "catalog_app.image",
    "pk": 5,
    "fields": {
      "created_at": "2023-08-31T08:42:45.742Z",
      "updated_at": "2023-08-31T08:42:45.742Z",
      "is_active": true,
      "image": "images/2023/08/31/Телевизор2_kSA6N1n.jpg",
      "product": 2
    }
  },
  {
    "model": "catalog_app.image",
    "pk": 6,
    "fields": {
      "created_at": "2023-08-31T08:42:57.148Z",
      "updated_at": "2023-08-31T08:42:57.148Z",
      "is_active": true,
      "image": "images/2023/08/31/Телевизор3_tlXDymg.jpg",
      "product": 2
    }
  },
  {
    "model": "catalog_app.image",
    "pk": 7,
    "fields": {
      "created_at": "2023-08-31T08:49:10.645Z",
      "updated_at": "2023-08-31T08:49:10.645Z",
      "is_active": true,
      "image": "images/2023/08/31/Телевизор1_Dk11m3f.jpg",
      "product": 3
    }
  },
  {
    "model": "catalog_app.image",
    "pk": 8,
    "fields": {
      "created_at": "2023-08-31T08:49:19.548Z",
      "updated_at": "2023-08-31T08:49:19.548Z",
      "is_active": true,
      "image": "images/2023/08/31/Телевизор2_3THJh7x.jpg",
      "product": 3
    }
  },
  {
    "model": "catalog_app.image",
    "pk": 9,
    "fields": {
      "created_at": "2023-08-31T08:49:30.781Z",
      "updated_at": "2023-08-31T08:49:30.781Z",
      "is_active": true,
      "image": "images/2023/08/31/Телевизор3_H4PelO0.jpg",
      "product": 3
    }
  },
  {
    "model": "catalog_app.image",
    "pk": 10,
    "fields": {
      "created_at": "2023-08-31T12:32:46.824Z",
      "updated_at": "2023-08-31T12:32:46.824Z",
      "is_active": true,
      "image": "images/2023/08/31/Телевизор1_21ncQum.jpg",
      "product": 4
    }
  },
  {
    "model": "catalog_app.image",
    "pk": 11,
    "fields": {
      "created_at": "2023-08-31T12:33:00.462Z",
      "updated_at": "2023-08-31T12:33:00.462Z",
      "is_active": true,
      "image": "images/2023/08/31/Телевизор2_zacEp5y.jpg",
      "product": 4
    }
  },
  {
    "model": "catalog_app.image",
    "pk": 12,
    "fields": {
      "created_at": "2023-08-31T12:33:12.623Z",
      "updated_at": "2023-08-31T12:33:12.623Z",
      "is_active": true,
      "image": "images/2023/08/31/Телевизор3_Vr6Fy3O.jpg",
      "product": 4
    }
  },
  {
    "model": "catalog_app.image",
    "pk": 13,
    "fields": {
      "created_at": "2023-08-31T12:38:41.862Z",
      "updated_at": "2023-08-31T12:38:41.862Z",
      "is_active": true,
      "image": "images/2023/08/31/Наушники1.jpg",
      "product": 5
    }
  },
  {
    "model": "catalog_app.image",
    "pk": 14,
    "fields": {
      "created_at": "2023-08-31T12:38:58.309Z",
      "updated_at": "2023-08-31T12:38:58.309Z",
      "is_active": true,
      "image": "images/2023/08/31/Наушники2.jpg",
      "product": 5
    }
  },
  {
    "model": "catalog_app.image",
    "pk": 15,
    "fields": {
      "created_at": "2023-08-31T12:43:20.197Z",
      "updated_at": "2023-08-31T12:43:20.197Z",
      "is_active": true,
      "image": "images/2023/08/31/Наушники1_RYlRljk.jpg",
      "product": 6
    }
  },
  {
    "model": "catalog_app.image",
    "pk": 16,
    "fields": {
      "created_at": "2023-08-31T12:43:28.781Z",
      "updated_at": "2023-08-31T12:43:28.781Z",
      "is_active": true,
      "image": "images/2023/08/31/Наушники2_i3a1MSU.jpg",
      "product": 6
    }
  },
  {
    "model": "catalog_app.image",
    "pk": 17,
    "fields": {
      "created_at": "2023-08-31T12:43:43.705Z",
      "updated_at": "2023-08-31T12:43:43.705Z",
      "is_active": true,
      "image": "images/2023/08/31/Наушники3.jpg",
      "product": 6
    }
  },
  {
    "model": "catalog_app.image",
    "pk": 18,
    "fields": {
      "created_at": "2023-08-31T12:51:37.136Z",
      "updated_at": "2023-08-31T12:51:37.136Z",
      "is_active": true,
      "image": "images/2023/08/31/wash_m1.jpg",
      "product": 7
    }
  },
  {
    "model": "catalog_app.image",
    "pk": 19,
    "fields": {
      "created_at": "2023-08-31T12:51:45.417Z",
      "updated_at": "2023-08-31T12:51:45.417Z",
      "is_active": true,
      "image": "images/2023/08/31/wash_m2.jpg",
      "product": 7
    }
  },
  {
    "model": "catalog_app.image",
    "pk": 20,
    "fields": {
      "created_at": "2023-08-31T12:51:54.293Z",
      "updated_at": "2023-08-31T12:51:54.293Z",
      "is_active": true,
      "image": "images/2023/08/31/wash_m3.jpg",
      "product": 7
    }
  },
  {
    "model": "catalog_app.image",
    "pk": 21,
    "fields": {
      "created_at": "2023-08-31T13:27:11.148Z",
      "updated_at": "2023-08-31T13:27:11.148Z",
      "is_active": true,
      "image": "images/2023/08/31/wash_m1_ySt3L9V.jpg",
      "product": 8
    }
  },
  {
    "model": "catalog_app.image",
    "pk": 22,
    "fields": {
      "created_at": "2023-08-31T13:27:20.329Z",
      "updated_at": "2023-08-31T13:27:20.329Z",
      "is_active": true,
      "image": "images/2023/08/31/wash_m2_ALUt9zD.jpg",
      "product": 8
    }
  },
  {
    "model": "catalog_app.image",
    "pk": 23,
    "fields": {
      "created_at": "2023-08-31T13:27:28.569Z",
      "updated_at": "2023-08-31T13:27:28.569Z",
      "is_active": true,
      "image": "images/2023/08/31/wash_m3_SpXsWLc.jpg",
      "product": 8
    }
  },
  {
    "model": "catalog_app.image",
    "pk": 24,
    "fields": {
      "created_at": "2023-08-31T13:31:00.315Z",
      "updated_at": "2023-08-31T13:31:00.315Z",
      "is_active": true,
      "image": "images/2023/08/31/wash_m1_23VXLm2.jpg",
      "product": 9
    }
  },
  {
    "model": "catalog_app.image",
    "pk": 25,
    "fields": {
      "created_at": "2023-08-31T13:31:09.419Z",
      "updated_at": "2023-08-31T13:31:09.419Z",
      "is_active": true,
      "image": "images/2023/08/31/wash_m2_7Pabke5.jpg",
      "product": 9
    }
  },
  {
    "model": "catalog_app.image",
    "pk": 26,
    "fields": {
      "created_at": "2023-08-31T13:31:17.443Z",
      "updated_at": "2023-08-31T13:31:17.443Z",
      "is_active": true,
      "image": "images/2023/08/31/wash_m3_5tiwpxN.jpg",
      "product": 9
    }
  },
  {
    "model": "catalog_app.image",
    "pk": 27,
    "fields": {
      "created_at": "2023-08-31T13:37:38.809Z",
      "updated_at": "2023-08-31T13:37:38.809Z",
      "is_active": true,
      "image": "images/2023/08/31/Колонки1.jpg",
      "product": 10
    }
  },
  {
    "model": "catalog_app.image",
    "pk": 28,
    "fields": {
      "created_at": "2023-08-31T13:37:48.935Z",
      "updated_at": "2023-08-31T13:37:48.935Z",
      "is_active": true,
      "image": "images/2023/08/31/Колонки2.jpg",
      "product": 10
    }
  },
  {
    "model": "catalog_app.image",
    "pk": 29,
    "fields": {
      "created_at": "2023-08-31T13:37:58.434Z",
      "updated_at": "2023-08-31T13:37:58.434Z",
      "is_active": true,
      "image": "images/2023/08/31/Колонки3.jpg",
      "product": 10
    }
  },
  {
    "model": "catalog_app.image",
    "pk": 30,
    "fields": {
      "created_at": "2023-08-31T13:41:52.704Z",
      "updated_at": "2023-08-31T13:41:52.704Z",
      "is_active": true,
      "image": "images/2023/08/31/Колонки1_Ibks63F.jpg",
      "product": 11
    }
  },
  {
    "model": "catalog_app.image",
    "pk": 31,
    "fields": {
      "created_at": "2023-08-31T13:42:04.115Z",
      "updated_at": "2023-08-31T13:42:04.115Z",
      "is_active": true,
      "image": "images/2023/08/31/Колонки2_xbqjb3p.jpg",
      "product": 11
    }
  },
  {
    "model": "catalog_app.image",
    "pk": 32,
    "fields": {
      "created_at": "2023-08-31T13:42:13.377Z",
      "updated_at": "2023-08-31T13:42:13.377Z",
      "is_active": true,
      "image": "images/2023/08/31/Колонки3_NrRDmLj.jpg",
      "product": 11
    }
  },
  {
    "model": "catalog_app.image",
    "pk": 33,
    "fields": {
      "created_at": "2023-08-31T13:48:14.884Z",
      "updated_at": "2023-08-31T13:48:14.884Z",
      "is_active": true,
      "image": "images/2023/08/31/photoap1.jpg",
      "product": 12
    }
  },
  {
    "model": "catalog_app.image",
    "pk": 34,
    "fields": {
      "created_at": "2023-08-31T13:48:24.468Z",
      "updated_at": "2023-08-31T13:48:24.468Z",
      "is_active": true,
      "image": "images/2023/08/31/photoap2.jpg",
      "product": 12
    }
  },
  {
    "model": "catalog_app.image",
    "pk": 35,
    "fields": {
      "created_at": "2023-08-31T13:48:38.462Z",
      "updated_at": "2023-08-31T13:48:38.462Z",
      "is_active": true,
      "image": "images/2023/08/31/photoap3.jpg",
      "product": 12
    }
  },
  {
    "model": "catalog_app.image",
    "pk": 36,
    "fields": {
      "created_at": "2023-08-31T13:48:48.205Z",
      "updated_at": "2023-08-31T13:48:48.205Z",
      "is_active": true,
      "image": "images/2023/08/31/photoap4.jpg",
      "product": 12
    }
  },
  {
    "model": "catalog_app.image",
    "pk": 37,
    "fields": {
      "created_at": "2023-08-31T13:52:33.747Z",
      "updated_at": "2023-08-31T13:52:33.747Z",
      "is_active": true,
      "image": "images/2023/08/31/коптер1.jpg",
      "product": 13
    }
  },
  {
    "model": "catalog_app.image",
    "pk": 38,
    "fields": {
      "created_at": "2023-08-31T13:52:42.845Z",
      "updated_at": "2023-08-31T13:52:42.845Z",
      "is_active": true,
      "image": "images/2023/08/31/коптер2.jpg",
      "product": 13
    }
  },
  {
    "model": "catalog_app.image",
    "pk": 39,
    "fields": {
      "created_at": "2023-08-31T13:52:52.508Z",
      "updated_at": "2023-08-31T13:52:52.508Z",
      "is_active": true,
      "image": "images/2023/08/31/коптер3.jpg",
      "product": 13
    }
  },
  {
    "model": "catalog_app.image",
    "pk": 40,
    "fields": {
      "created_at": "2023-08-31T13:53:01.764Z",
      "updated_at": "2023-08-31T13:53:01.764Z",
      "is_active": true,
      "image": "images/2023/08/31/коптер4.jpg",
      "product": 13
    }
  },
  {
    "model": "catalog_app.image",
    "pk": 41,
    "fields": {
      "created_at": "2023-08-31T18:38:13.949Z",
      "updated_at": "2023-08-31T18:38:13.949Z",
      "is_active": true,
      "image": "images/2023/08/31/мфу1.jpg",
      "product": 14
    }
  },
  {
    "model": "catalog_app.image",
    "pk": 42,
    "fields": {
      "created_at": "2023-08-31T18:38:24.022Z",
      "updated_at": "2023-08-31T18:38:24.022Z",
      "is_active": true,
      "image": "images/2023/08/31/мфу2.jpg",
      "product": 14
    }
  },
  {
    "model": "catalog_app.image",
    "pk": 43,
    "fields": {
      "created_at": "2023-08-31T18:38:33.055Z",
      "updated_at": "2023-08-31T18:38:33.055Z",
      "is_active": true,
      "image": "images/2023/08/31/мфу3.jpg",
      "product": 14
    }
  },
  {
    "model": "catalog_app.image",
    "pk": 44,
    "fields": {
      "created_at": "2023-08-31T18:38:41.382Z",
      "updated_at": "2023-08-31T18:38:41.382Z",
      "is_active": true,
      "image": "images/2023/08/31/мфу4.jpg",
      "product": 14
    }
  },
  {
    "model": "catalog_app.image",
    "pk": 45,
    "fields": {
      "created_at": "2023-08-31T18:41:49.423Z",
      "updated_at": "2023-08-31T18:41:49.423Z",
      "is_active": true,
      "image": "images/2023/08/31/table1.jpg",
      "product": 15
    }
  },
  {
    "model": "catalog_app.image",
    "pk": 46,
    "fields": {
      "created_at": "2023-08-31T18:41:56.343Z",
      "updated_at": "2023-08-31T18:41:56.343Z",
      "is_active": true,
      "image": "images/2023/08/31/table2.jpg",
      "product": 15
    }
  },
  {
    "model": "catalog_app.image",
    "pk": 47,
    "fields": {
      "created_at": "2023-08-31T18:42:04.054Z",
      "updated_at": "2023-08-31T18:42:04.054Z",
      "is_active": true,
      "image": "images/2023/08/31/table3.jpg",
      "product": 15
    }
  },
  {
    "model": "catalog_app.image",
    "pk": 48,
    "fields": {
      "created_at": "2023-08-31T18:42:10.823Z",
      "updated_at": "2023-08-31T18:42:10.823Z",
      "is_active": true,
      "image": "images/2023/08/31/table4.jpg",
      "product": 15
    }
  },
  {
    "model": "catalog_app.image",
    "pk": 49,
    "fields": {
      "created_at": "2023-08-31T18:48:41.806Z",
      "updated_at": "2023-08-31T18:48:41.806Z",
      "is_active": true,
      "image": "images/2023/08/31/phone1.jpg",
      "product": 16
    }
  },
  {
    "model": "catalog_app.image",
    "pk": 50,
    "fields": {
      "created_at": "2023-08-31T18:48:50.429Z",
      "updated_at": "2023-08-31T18:48:50.429Z",
      "is_active": true,
      "image": "images/2023/08/31/phone2.jpg",
      "product": 16
    }
  },
  {
    "model": "catalog_app.image",
    "pk": 51,
    "fields": {
      "created_at": "2023-08-31T18:49:02.685Z",
      "updated_at": "2023-08-31T18:49:02.685Z",
      "is_active": true,
      "image": "images/2023/08/31/phone3.jpg",
      "product": 16
    }
  },
  {
    "model": "catalog_app.image",
    "pk": 52,
    "fields": {
      "created_at": "2023-08-31T18:51:08.056Z",
      "updated_at": "2023-08-31T18:51:08.056Z",
      "is_active": true,
      "image": "images/2023/08/31/phone1_ZcxDc9c.jpg",
      "product": 17
    }
  },
  {
    "model": "catalog_app.image",
    "pk": 53,
    "fields": {
      "created_at": "2023-08-31T18:51:15.907Z",
      "updated_at": "2023-08-31T18:51:15.907Z",
      "is_active": true,
      "image": "images/2023/08/31/phone2_vsicKoL.jpg",
      "product": 17
    }
  },
  {
    "model": "catalog_app.image",
    "pk": 54,
    "fields": {
      "created_at": "2023-08-31T18:51:24.917Z",
      "updated_at": "2023-08-31T18:51:24.917Z",
      "is_active": true,
      "image": "images/2023/08/31/phone3_3WMv5cl.jpg",
      "product": 17
    }
  },
  {
    "model": "catalog_app.image",
    "pk": 55,
    "fields": {
      "created_at": "2023-08-31T18:54:01.325Z",
      "updated_at": "2023-08-31T18:54:01.325Z",
      "is_active": true,
      "image": "images/2023/08/31/phone1_aUNsxV9.jpg",
      "product": 18
    }
  },
  {
    "model": "catalog_app.image",
    "pk": 56,
    "fields": {
      "created_at": "2023-08-31T18:54:09.642Z",
      "updated_at": "2023-08-31T18:54:09.642Z",
      "is_active": true,
      "image": "images/2023/08/31/phone2_8EGNbTm.jpg",
      "product": 18
    }
  },
  {
    "model": "catalog_app.image",
    "pk": 57,
    "fields": {
      "created_at": "2023-08-31T18:54:20.123Z",
      "updated_at": "2023-08-31T18:54:20.123Z",
      "is_active": true,
      "image": "images/2023/08/31/phone3_taZpcUf.jpg",
      "product": 18
    }
  },
  {
    "model": "catalog_app.image",
    "pk": 58,
    "fields": {
      "created_at": "2023-08-31T18:59:48.619Z",
      "updated_at": "2023-08-31T18:59:48.619Z",
      "is_active": true,
      "image": "images/2023/08/31/microp1.jpg",
      "product": 19
    }
  },
  {
    "model": "catalog_app.image",
    "pk": 59,
    "fields": {
      "created_at": "2023-08-31T18:59:56.787Z",
      "updated_at": "2023-08-31T18:59:56.787Z",
      "is_active": true,
      "image": "images/2023/08/31/microp2.jpg",
      "product": 19
    }
  },
  {
    "model": "catalog_app.image",
    "pk": 60,
    "fields": {
      "created_at": "2023-08-31T19:00:04.819Z",
      "updated_at": "2023-08-31T19:00:04.819Z",
      "is_active": true,
      "image": "images/2023/08/31/microp3.jpg",
      "product": 19
    }
  },
  {
    "model": "catalog_app.image",
    "pk": 61,
    "fields": {
      "created_at": "2023-08-31T19:00:12.843Z",
      "updated_at": "2023-08-31T19:00:12.843Z",
      "is_active": true,
      "image": "images/2023/08/31/microp4.jpg",
      "product": 19
    }
  },
  {
    "model": "catalog_app.image",
    "pk": 62,
    "fields": {
      "created_at": "2023-08-31T19:02:20.586Z",
      "updated_at": "2023-08-31T19:02:20.586Z",
      "is_active": true,
      "image": "images/2023/08/31/microp1_a2coSTd.jpg",
      "product": 20
    }
  },
  {
    "model": "catalog_app.image",
    "pk": 63,
    "fields": {
      "created_at": "2023-08-31T19:02:29.323Z",
      "updated_at": "2023-08-31T19:02:29.323Z",
      "is_active": true,
      "image": "images/2023/08/31/microp2_BBNGbFC.jpg",
      "product": 20
    }
  },
  {
    "model": "catalog_app.image",
    "pk": 64,
    "fields": {
      "created_at": "2023-08-31T19:02:38.226Z",
      "updated_at": "2023-08-31T19:02:38.226Z",
      "is_active": true,
      "image": "images/2023/08/31/microp3_YDVrqMB.jpg",
      "product": 20
    }
  },
  {
    "model": "catalog_app.image",
    "pk": 65,
    "fields": {
      "created_at": "2023-08-31T19:02:46.777Z",
      "updated_at": "2023-08-31T19:02:46.777Z",
      "is_active": true,
      "image": "images/2023/08/31/microp4_IFIAqgT.jpg",
      "product": 20
    }
  },
  {
    "model": "catalog_app.image",
    "pk": 66,
    "fields": {
      "created_at": "2023-08-31T19:07:17.051Z",
      "updated_at": "2023-08-31T19:07:17.051Z",
      "is_active": true,
      "image": "images/2023/08/31/microp1_oFQ4pHS.jpg",
      "product": 21
    }
  },
  {
    "model": "catalog_app.image",
    "pk": 67,
    "fields": {
      "created_at": "2023-08-31T19:07:26.416Z",
      "updated_at": "2023-08-31T19:07:26.416Z",
      "is_active": true,
      "image": "images/2023/08/31/microp2_Lyp6Nih.jpg",
      "product": 21
    }
  },
  {
    "model": "catalog_app.image",
    "pk": 68,
    "fields": {
      "created_at": "2023-08-31T19:07:34.307Z",
      "updated_at": "2023-08-31T19:07:34.307Z",
      "is_active": true,
      "image": "images/2023/08/31/microp3_SrPalI3.jpg",
      "product": 21
    }
  },
  {
    "model": "catalog_app.image",
    "pk": 69,
    "fields": {
      "created_at": "2023-08-31T19:07:42.201Z",
      "updated_at": "2023-08-31T19:07:42.201Z",
      "is_active": true,
      "image": "images/2023/08/31/microp4_TzAnQx1.jpg",
      "product": 21
    }
  },
  {
    "model": "catalog_app.image",
    "pk": 70,
    "fields": {
      "created_at": "2023-08-31T19:10:44.912Z",
      "updated_at": "2023-08-31T19:10:44.912Z",
      "is_active": true,
      "image": "images/2023/08/31/microp1_s9ZaL3J.jpg",
      "product": 22
    }
  },
  {
    "model": "catalog_app.image",
    "pk": 71,
    "fields": {
      "created_at": "2023-08-31T19:10:53.024Z",
      "updated_at": "2023-08-31T19:10:53.024Z",
      "is_active": true,
      "image": "images/2023/08/31/microp2_Mgg9hCM.jpg",
      "product": 22
    }
  },
  {
    "model": "catalog_app.image",
    "pk": 72,
    "fields": {
      "created_at": "2023-08-31T19:11:02.434Z",
      "updated_at": "2023-08-31T19:11:02.434Z",
      "is_active": true,
      "image": "images/2023/08/31/microp3_3irp4fQ.jpg",
      "product": 22
    }
  },
  {
    "model": "catalog_app.image",
    "pk": 73,
    "fields": {
      "created_at": "2023-08-31T19:11:10.919Z",
      "updated_at": "2023-08-31T19:11:10.919Z",
      "is_active": true,
      "image": "images/2023/08/31/microp4_82kBOlM.jpg",
      "product": 22
    }
  },
  {
    "model": "catalog_app.image",
    "pk": 74,
    "fields": {
      "created_at": "2023-08-31T19:13:37.433Z",
      "updated_at": "2023-08-31T19:13:37.433Z",
      "is_active": true,
      "image": "images/2023/08/31/microp1_g9gaZpe.jpg",
      "product": 23
    }
  },
  {
    "model": "catalog_app.product",
    "pk": 1,
    "fields": {
      "created_at": "2023-08-31T08:31:39.644Z",
      "updated_at": "2023-08-31T08:36:21.016Z",
      "is_active": true,
      "title": "24\" (60 см) Телевизор LED DEXP H24F7000E черный",
      "description": "Телевизор LED DEXP H24F7000E отличается столь компактными размерами, что место для него найдется даже на самой маленькой кухне. Благодаря VESA-креплению разместить его получится даже на стене, чтобы освободить на горизонтальных поверхностях место для других вещей.\r\nДиагональ экрана телевизора LED DEXP H24F7000E составляет 60 см. Direct-LED-подсветка дополняет четкое и детализированное изображение с разрешением 1366x768 пикселей. Представленная модель воспроизводит все типов файлов с накопителей USB и транслирует цифровое телевидение за счет тюнеров DVB-S2, DVB-S, DVB-C, DVB-T2, DVB-T. Технология Dolby Digital обеспечивает объемное звуковое сопровождение мощностью до 5 Вт.",
      "name": "24\" (60 см) Телевизор LED DEXP H24F7000E черный [HD, 1366x768, 60 Гц, HDMI х 1, USB х 1 шт, VGA (D-Sub)]",
      "category": 1,
      "is_limited": true,
      "is_delivery": true,
      "image": [
        1,
        2,
        3
      ]
    }
  },
  {
    "model": "catalog_app.product",
    "pk": 2,
    "fields": {
      "created_at": "2023-08-31T08:41:34.101Z",
      "updated_at": "2023-08-31T08:45:23.098Z",
      "is_active": true,
      "title": "24\" (61 см) Телевизор LED Aceline 24HEN1 черный",
      "description": "Телевизор LED Aceline 24HEN1 позволяет просматривать телевизионные передачи комфортно и увлекательно. Он оборудован экраном диагональю 24 дюйма, поэтому подойдет для небольшой комнаты – кухни или спальни. Разрешение HD обеспечивает детализированную картинку. Подсветка Direct LED формирует яркие и насыщенные оттенки.\r\nВ телевизоре реализован тюнер с поддержкой стандартов DVB-C, DVB-S2, DVB-T, DVB-T2 для вещания каналов в цифровом формате. Акустическая система мощностью 10 Вт с технологией Dolby Digital воспроизводит четкий звук. В разъем USB можно установить флеш-накопитель и проигрывать мультимедийный контент. Для вывода сигнала на игровую консоль и другую технику в Aceline 24HEN1 есть 3 видеовыхода HDMI.",
      "name": "24\" (61 см) Телевизор LED Aceline 24HEN1 черный [HD, 1366x768, 60 Гц, HDMI х 3, USB х 2 шт]",
      "category": 1,
      "is_limited": true,
      "is_delivery": true,
      "image": [
        4,
        5,
        6
      ]
    }
  },
  {
    "model": "catalog_app.product",
    "pk": 3,
    "fields": {
      "created_at": "2023-08-31T08:48:56.186Z",
      "updated_at": "2023-08-31T08:49:40.116Z",
      "is_active": true,
      "title": "55\" (139 см) Телевизор LED LG 55UQ75001LG черный",
      "description": "Телевизор LED LG 55UQ75001LG выполнен в корпусе с тонкой рамкой, помогая максимально погрузиться в происходящее на большом экране. В данной модели установлена панель 55 дюймов с разрешением стандарта UltraHD, подсветкой Direct LED и поддержкой технологии HDR для создания реалистичного красочного изображения. Аудиосистема 20 Вт с технологией Virtual Surround Plus гарантирует воспроизведение чистого и глубокого звука.\r\nПлатформа Smart TV с webOS предоставляет доступ к множеству видеосервисов и развлекательного контента. Беспроводное подключение к сети Интернет осуществляется с помощью модуля Wi-Fi. Также имеется разъем LAN для подключения к локальной сети. С боковых сторон LG 55UQ75001LG расположены порты и разъемы для подключения внешних устройств.",
      "name": "55\" (139 см) Телевизор LED LG 55UQ75001LG черный [4K UltraHD, 3840x2160, DLNA, Wi-Fi, 60 Гц, webOS, HDMI х 2, USB х 1 шт]",
      "category": 1,
      "is_limited": true,
      "is_delivery": true,
      "image": [
        7,
        8,
        9
      ]
    }
  },
  {
    "model": "catalog_app.product",
    "pk": 4,
    "fields": {
      "created_at": "2023-08-31T12:31:25.340Z",
      "updated_at": "2023-08-31T12:33:29.497Z",
      "is_active": true,
      "title": "50\" (125 см) Телевизор LED Samsung QE50Q80BAUXCE черный",
      "description": "Телевизор LED Samsung QE50Q80BAUXCE диагональю 125 см оснащен функцией Natural Mode, реагирующей на уровень внешнего освещения. Она автоматически внесет коррективы в показатели яркости для комфортного просмотра. Решили провести вечер за игровым сражением? Не забудьте активировать режим Game Motion Plus. Connect Share придется как нельзя кстати, чтобы продублировать файлы со смартфона на большой экран.\r\nТелевизор LED Samsung QE50Q80BAUXCE работает под управлением процессора Quantum Processor 4K. Вы удивитесь, насколько чистыми могут быть цвета и четкими мельчайшие детали. Поиском тех или иных роликов займется голосовой ассистент Google Assistant. Просмотр контента возможен из любой точки помещения благодаря расширенным до 178° углам обзора. Сабвуфер, динамики и поддержка Dolby Digital Plus способствуют заполнению пространства многомерным звуком для максимального погружения.",
      "name": "Телевизор LED Samsung QE50Q80BAUXCE диагональю 125 см оснащен функцией Natural Mode, реагирующей на уровень внешнего освещения. Она автоматически внесет коррективы в показатели яркости для комфортного просмотра. Решили провести вечер за игровым сражением?",
      "category": 1,
      "is_limited": false,
      "is_delivery": false,
      "image": [
        10,
        11,
        12
      ]
    }
  },
  {
    "model": "catalog_app.product",
    "pk": 5,
    "fields": {
      "created_at": "2023-08-31T12:38:25.196Z",
      "updated_at": "2023-08-31T12:39:04.795Z",
      "is_active": true,
      "title": "Krutoff HF-Z67 - проводные внутриканальные наушники с микрофоном и однокнопочным пультом управления на кабеле.",
      "description": "Krutoff HF-Z67 - проводные внутриканальные наушники с микрофоном и однокнопочным пультом управления на кабеле.",
      "name": "Проводная гарнитура Krutoff HF-Z67 белый [2.0, внутриканальные, 20 Гц - 20000 Гц, 16Ω, проводной, кабель - 1 м]",
      "category": 2,
      "is_limited": false,
      "is_delivery": false,
      "image": [
        13,
        14
      ]
    }
  },
  {
    "model": "catalog_app.product",
    "pk": 6,
    "fields": {
      "created_at": "2023-08-31T12:43:02.824Z",
      "updated_at": "2023-08-31T12:43:48.701Z",
      "is_active": true,
      "title": "Проводная гарнитура SteelSeries Arctis Pro + GameDAC черный",
      "description": "Проводные наушники SteelSeries Arctis Pro + GameDAC – это игровые наушники с охватывающими амбушюрами, которые исключают посторонние шумы и гарантируют получение объемного и насыщенного звучания. Это позволяет погрузиться в музыкальную атмосферу, наслаждаясь невероятной детализацией звуков. Это надежное устройство, которое предусматривает надежную конструкцию с использованием алюминиевых и стальных элементов. Звук Hi-res становится доступен в игровых приложениях.\r\nSteelSeries Arctis Pro + GameDAC поддерживает звучание в пределе диапазона частот 10-40000 Гц, благодаря чему вы будете слышать настолько богатый и сбалансированный звук, что ощутите себя в центре игровых событий. Использование цифрового преобразователя звука достигается мощное звучание басов, отдельные эффекты звука становится более выраженными. На наушниках зафиксирован микрофон с подвижным креплением, который превращает устройство в гарнитуру. Модель предусматривает наличие разноцветной подсветки.",
      "name": "Проводная гарнитура SteelSeries Arctis Pro + GameDAC черный [2.0, поддержка PS5, охватывающие, 10 Гц - 40000 Гц, 32Ω, проводной, кабель - 3 м]",
      "category": 2,
      "is_limited": true,
      "is_delivery": true,
      "image": [
        15,
        16,
        17
      ]
    }
  },
  {
    "model": "catalog_app.product",
    "pk": 7,
    "fields": {
      "created_at": "2023-08-31T12:51:24.097Z",
      "updated_at": "2023-08-31T12:52:00.835Z",
      "is_active": true,
      "title": "Стиральная машина DEXP WM-F610DHE/WBSu белый",
      "description": "Стиральная машина DEXP WM-F610DHE/WBSu с фронтальной загрузкой на 6 кг справится с эффективной очисткой одеял, детских вещей, одежды из различных типов тканей. Достаточно определиться с подходящей среди 15 программ, используя кнопки и поворотный переключатель. Обработка паром нейтрализует бактерии и не допускает появления непокорных складок. Одноименная опция запустит работу устройства в обозначенный временной отрезок.\r\nСтиральная машина DEXP WM-F610DHE/WBSu обладает системой автовзвешивания. Она анализирует степень загрузки барабана и подбирает необходимый объем воды, сокращая расходы. Гипоаллергенная функция производит дополнительное полоскание для тотального удаления остатков моющих средств. Характерный звуковой сигнал сообщает, что прибор справился с непосредственными обязанностями.",
      "name": "Стиральная машина DEXP WM-F610DHE/WBSu белый [стирка - 6 кг, фронтальная загрузка, отжим - 1000 об/мин, программ - 15, пар, 58 дБ, 59.5 см x 85 см x 39 см - 46 см]",
      "category": 3,
      "is_limited": false,
      "is_delivery": true,
      "image": [
        18,
        19,
        20
      ]
    }
  },
  {
    "model": "catalog_app.product",
    "pk": 8,
    "fields": {
      "created_at": "2023-08-31T13:26:40.448Z",
      "updated_at": "2023-08-31T13:27:42.031Z",
      "is_active": true,
      "title": "Стиральная машина DEXP WM-F610NTMA/WW белый",
      "description": "Стиральная машина DEXP WM-F610NTMA/WW отличается лаконичным оформлением и востребованными функциональными возможностями. Данная модель предусматривает загрузку максимум 6 кг белья и 23 автоматические программы для выполнения разных задач. На панели управления расположены кнопки с индикаторами и обозначениями, а также поворотный регулятор. DEXP WM-F610NTMA/WW оснащена таймером отложенного запуска до 9 часов и звуковым оповещающим сигналом с возможностью отключения. Система автобаланса распределяет вещи в барабане для эффективного и бережного отжима.",
      "name": "Стиральная машина DEXP WM-F610NTMA/WW белый [стирка - 6 кг, фронтальная загрузка, отжим - 1000 об/мин, программ - 23, 64 дБ, 59.5 см x 85 см x 40 см - 46 см]",
      "category": 3,
      "is_limited": false,
      "is_delivery": true,
      "image": [
        21,
        22,
        23
      ]
    }
  },
  {
    "model": "catalog_app.product",
    "pk": 9,
    "fields": {
      "created_at": "2023-08-31T13:30:45.696Z",
      "updated_at": "2023-08-31T13:31:20.303Z",
      "is_active": true,
      "title": "Стирально-сушильная машина LG F4T9RC9P черный",
      "description": "Стирально-сушильная машина LG F4T9RC9P – мощное и надежное устройство для ухода за вещами. Модель рассчитана на одновременную загрузку до 10.5 кг белья, что позволяет стирать большое количество одежды. Интеллектуальная система сохраняет в памяти различные варианты тканей и загрязнений и подбирает оптимальные параметры, что улучшает качество и снижает истирание волокон. Пользователь может загрузить забытое белье уже в процессе стирки. Скорость отжима достигает 1400 об/мин. Сушка осуществляется конденсационным способом.\r\nСтирально-сушильная машина LG F4T9RC9P характеризуется низким энергопотреблением, имеет небольшие размеры и низкий уровень шума. С помощью очистки паром можно освежить одежду и удалять аллергены и бактерии, также процедура облегчает процесс глажения. Корпус изготовлен из нержавеющей стали, а дверь – из закаленного стекла, устойчивого к повышенным нагрузкам и ударам. Для управления есть удобная сенсорная панель. Управлять настройками и отслеживать расход можно с помощью приложения.",
      "name": "Стирально-сушильная машина LG F4T9RC9P черный [стирка - 10.5 кг, сушка - 7 кг, фронтальная загрузка, отжим - 1400 об/мин, программ - 14, дозагрузка белья, пар, 48 дБ, 60 см x 85 см x 56.5 см]",
      "category": 3,
      "is_limited": true,
      "is_delivery": true,
      "image": [
        24,
        25,
        26
      ]
    }
  },
  {
    "model": "catalog_app.product",
    "pk": 10,
    "fields": {
      "created_at": "2023-08-31T13:37:28.263Z",
      "updated_at": "2023-08-31T13:38:07.346Z",
      "is_active": true,
      "title": "Колонки 5.1 Dialog AP-540",
      "description": "Колонки Dialog Progressive AP-540 – это сочетание качественного звука с дизайнерским воплощением корпуса. Акустика состоит из шести компактных единиц с LED-дисплеем и пультом дистанционного управления, которым можно регулировать параметры звучания всех колонок. Система оснащена радиоантенной, что позволяет расширить зону выбора музыкальных предпочтений.\r\nФункциональная особенность Dialog Progressive AP-540 проявляется в объемном звуке за счет усилителя сабвуфера и корректирующих контуров сателлитов. Поэтому в игровых и музыкальных сетах наблюдается эффект визуализации звука в пространстве! Акустическую систему можно использовать с DVD- и с MP3-носителями. Акустика с комбинированной отделкой из оранжевых элементов по своему исполнению авторитетна.",
      "name": "Колонки 5.1 Dialog AP-540 [100 Вт, беспроводной ПДУ, SD, питание - сеть 220 В]",
      "category": 5,
      "is_limited": true,
      "is_delivery": true,
      "image": [
        27,
        28,
        29
      ]
    }
  },
  {
    "model": "catalog_app.product",
    "pk": 11,
    "fields": {
      "created_at": "2023-08-31T13:41:41.574Z",
      "updated_at": "2023-08-31T13:42:16.518Z",
      "is_active": true,
      "title": "Колонки 2.0 Edifier S3000Pro",
      "description": "Колонки 2.0 Edifier S3000Pro − активная двухкомпонентная акустика, поддерживающая беспроводное подключение посредством технологии Bluetooth. Это позволяет достичь свободы, ведь вы сможете разместить источник звучания в любом месте, в котором будет установлена стабильная связь с системой. Благодаря технологии KLEERNET при беспроводной передаче сохраняется точность аудиопотока. Изготовлена акустическая система в корпусе из MDF, выполненном в виде фазоинвертора. Толщина стенок колонок соответствует 21 мм, что позволяет достичь максимально усиленного звучания.\r\nМощность колонок достигает 256 Вт, а особенность Edifier S3000Pro состоит в планетарном твитере. Динамик НЧ использует катушку большего диаметра, алюминиевую диафрагму, а также продуманный подвес, за счет чего исключаются искажения звука. Благодаря поддержке многочисленных интерфейсов, среди которых Bluetooth, USB, коаксиальный, оптический и два RCA входа, вы сможете подключать акустику к нескольким источниками звучания.",
      "name": "Колонки 2.0 Edifier S3000Pro [256 Вт, беспроводной ПДУ, Bluetooth, питание - сеть 220 В]",
      "category": 5,
      "is_limited": true,
      "is_delivery": true,
      "image": [
        30,
        31,
        32
      ]
    }
  },
  {
    "model": "catalog_app.product",
    "pk": 12,
    "fields": {
      "created_at": "2023-08-31T13:47:56.024Z",
      "updated_at": "2023-08-31T13:48:53.073Z",
      "is_active": true,
      "title": "Зеркальный фотоаппарат Nikon D7500 Kit 18-140mm VR черный",
      "description": "Зеркальный фотоаппарат Nikon D7500 Kit 18-140mm VR в корпусе из магниевого сплава черного цвета поможет создавать уникальные и интересные фотографии. Он оснащен универсальным объективом (18-140 мм) с 7-лепестковой диафрагмой, который подходит для съемки портретов и пейзажей. 20.9-мегапиксельная матрица и мощный процессор EXPEED 5 обеспечивают получение изображений высокого качества. Диапазон ISO от 100 до 51200 с возможностью его расширения позволяет максимально снизить шумы при съемке в темноте.\r\nУ зеркального фотоаппарата Nikon D7500 Kit 18-140mm VR предусмотрен наклонный дисплей диагональю 3.2ʺ, что позволит снимать с разных ракурсов, просматривать и обрабатывать получившиеся кадры. Зеркальный видоискатель обеспечивает 100% охват кадра. Помимо статичных фотографий на камеру можно снимать видео в высоком качестве (4K UHD (3840 x 2160)). Благодаря нескольким режимам автофокуса получится максимально четко фотографировать быстро движущиеся объекты. С помощью беспроводных интерфейсов (Bluetooth, Wi-Fi) легко синхронизировать камеру с ПК или смартфоном.",
      "name": "Зеркальный фотоаппарат Nikon D7500 Kit 18-140mm VR черный [кроп, 20.9 Мп, 8 кадр./сек, 100-51200 ISO, видео - 4К, экран - наклонный, сенсорный, Bluetooth, Wi-Fi, с объективом]",
      "category": 6,
      "is_limited": true,
      "is_delivery": true,
      "image": [
        33,
        34,
        35,
        36
      ]
    }
  },
  {
    "model": "catalog_app.product",
    "pk": 13,
    "fields": {
      "created_at": "2023-08-31T13:52:16.011Z",
      "updated_at": "2023-08-31T13:53:06.018Z",
      "is_active": true,
      "title": "Квадрокоптер DJI Mavic 3 Thermal серый",
      "description": "Квадрокоптер DJI Mavic 3 Thermal с корпусом темно-серого цвета весит 1050 г. Модель может на одном заряде АКБ находиться в воздухе до 46 минут, поднимаясь на высоту до 6000 м и развивая максимальную скорость 75 км/ч. Встроенный GPS-модуль позволяет квадрокоптеру во время полета следовать по заданной пилотом траектории и возвращаться к месту запуска.\r\nУдобной для воздушной фото- и видеосъемки функцией дрона DJI Mavic 3 Thermal является возможность следовать за оператором во время его перемещений. Камера модели с поддержкой видеозаписи в разрешении 4К снабжена 3-осевым стабилизатором для компенсации вибраций и дрожания во время полета. Источником питания для квадрокоптера с наибольшим радиусом действия 15 км выступает литий-полимерная батарея емкостью 5000 мА*ч.",
      "name": "Квадрокоптер DJI Mavic 3 Thermal серый [полет - 46 мин, скорость - 76 км/ч, радиус действия - 15000 м, камера 48 Мп, пульт ДУ]",
      "category": 6,
      "is_limited": true,
      "is_delivery": true,
      "image": [
        37,
        38,
        39,
        40
      ]
    }
  },
  {
    "model": "catalog_app.product",
    "pk": 14,
    "fields": {
      "created_at": "2023-08-31T18:38:04.279Z",
      "updated_at": "2023-08-31T18:38:55.250Z",
      "is_active": true,
      "title": "МФУ лазерное Pantum M6502",
      "description": "МФУ лазерное Pantum M6502 обеспечивает до 20000 страниц печатных в месяц. Это значит, что оно оптимально подходит для использования в офисах с большим документооборотом. При этом в минуту оно способно печатать до 22 черно-белых страниц в формате А4. Кроме печати, МВУ справляется с копированием и сканированием документов. Работает модель бесшумно.",
      "name": "МФУ лазерное Pantum M6502 [черно-белая печать, A4, 1200x1200 dpi, ч/б - 22 стр/мин (А4), USB]",
      "category": 7,
      "is_limited": true,
      "is_delivery": true,
      "image": [
        41,
        42,
        43,
        44
      ]
    }
  },
  {
    "model": "catalog_app.product",
    "pk": 15,
    "fields": {
      "created_at": "2023-08-31T18:41:37.847Z",
      "updated_at": "2023-08-31T18:42:18.344Z",
      "is_active": true,
      "title": "Стол компьютерный Aceline Basic 01 коричневый",
      "description": "Офисный стол Aceline Basic 01 шириной 80 см, высотой 75 см и глубиной 47.8см.",
      "name": "Стол компьютерный Aceline Basic 01 коричневый [ЛДСП, 80 см x 75 см x 47.8 см]",
      "category": 7,
      "is_limited": false,
      "is_delivery": false,
      "image": [
        45,
        46,
        47,
        48
      ]
    }
  },
  {
    "model": "catalog_app.product",
    "pk": 16,
    "fields": {
      "created_at": "2023-08-31T18:48:28.173Z",
      "updated_at": "2023-08-31T18:49:12.901Z",
      "is_active": true,
      "title": "6.55\" Смартфон Nothing Phone 1 128 ГБ черный",
      "description": "Смартфон Nothing Phone 1 оснащен технологией реверсивной зарядки, которая позволит восполнить энергию необходимых устройств без подключения к источнику питания. Особенность основной камеры с 2 модулями – функции на базе искусственного интеллекта. Они автоматически корректируют каждую сцену, а также определяют тон кожи, возраст и пол. LED-индикатор оповестит о входящих уведомлениях.\r\nАппаратная часть смартфона Nothing Phone 1 состоит из 8-ядерного процессора Snapdragon 778G Plus и оперативной памяти объемом 8 ГБ. Пользователь отметит быстрый запуск приложений и реакцию на любые запросы. OLED-экран диагональю 6.55 дюйма займется трансляцией контрастных изображений. Встроенный датчик оценит уровень внешней освещенности и внесет изменения в показатель яркости. Солнечная погода не помешает комфортно просматривать контент. На хранение данных отведено 128 ГБ. Верификация личности сопровождается считыванием отпечатка пальца.",
      "name": "6.55\" Смартфон Nothing Phone 1 128 ГБ черный [ядер - 8x(1.9 ГГц, 2.2 ГГц, 2.5 ГГц), 8 ГБ, 2 SIM, OLED, 2400x1080, камера 50+50 Мп, NFC, 5G, GPS, 4500 мА*ч]",
      "category": 8,
      "is_limited": false,
      "is_delivery": true,
      "image": [
        49,
        50,
        51
      ]
    }
  },
  {
    "model": "catalog_app.product",
    "pk": 17,
    "fields": {
      "created_at": "2023-08-31T18:50:57.974Z",
      "updated_at": "2023-08-31T18:51:39.073Z",
      "is_active": true,
      "title": "4.7\" Смартфон Apple iPhone SE 2022 64 ГБ красный",
      "description": "Сверхбыстрый чип. Неутомимый аккумулятор. Суперзвёздная камера. Всё это в прочном корпусе карманного размера. Сверхмощный чип A15 Bionic загружает\r\nприложения молниеносно. А ещё он помогает улучшенному аккумулятору и системе iOS увеличить время работы без подзарядки. Обладает повышенной прочностью. Защищён от трещин и царапин. Устойчив к попаданию кофе, чая, газировки и даже пыли.",
      "name": "4.7\" Смартфон Apple iPhone SE 2022 64 ГБ красный [ядер - 6, 4 ГБ, 1 SIM, IPS, 1334x750, камера 12 Мп, NFC, 5G, GPS, 2018 мА*ч]",
      "category": 8,
      "is_limited": true,
      "is_delivery": true,
      "image": [
        52,
        53,
        54
      ]
    }
  },
  {
    "model": "catalog_app.product",
    "pk": 18,
    "fields": {
      "created_at": "2023-08-31T18:53:52.211Z",
      "updated_at": "2023-08-31T18:54:34.797Z",
      "is_active": true,
      "title": "6.7\" Смартфон Apple iPhone 14 Pro Max 512 ГБ фиолетовый",
      "description": "Смартфон Apple iPhone 14 Pro Max серебристого цвета имеет OLED экран диагональю 6.7 дюймов с разрешением 2796 на 1290 точек. Устройство может снимать видео в формате 4К, а также обладает функцией замедленной съемки FullHD качества. Защищен от пыли и влаги по стандарту IP68.",
      "name": "6.7\" Смартфон Apple iPhone 14 Pro Max 512 ГБ фиолетовый [ядер - 6, 6 ГБ, 1 SIM, OLED, 2796x1290, камера 48+12+12 Мп, NFC, 5G, GPS]",
      "category": 8,
      "is_limited": true,
      "is_delivery": true,
      "image": [
        55,
        56,
        57
      ]
    }
  },
  {
    "model": "catalog_app.product",
    "pk": 19,
    "fields": {
      "created_at": "2023-08-31T18:59:39.523Z",
      "updated_at": "2023-08-31T19:00:34.167Z",
      "is_active": true,
      "title": "Микроволновая печь LG MJ3965BIS черный",
      "description": "Микроволновая печь LG MJ3965BIS под действием микроволн обеспечивает высокую эффективность подогрева, размораживания и приготовления продуктов. Технология Smart Inverter точно регулирует температуру для равномерного воздействия. Нагревательный элемент из углеродного волокна Infrared Heating позволяет готовить сочные блюда с хрустящей и поджаристой корочкой.\r\nНа внутренние стенки нанесено покрытие EasyClean, которое упрощает очистку от загрязнений и обладает антибактериальными свойствами. В модели LG MJ3965BIS реализованы программы для приготовления йогурта, блюд гриль, выпечки. Для удобного управления на передней панели расположен сенсорный дисплей. Светодиодная подсветка ярко освещает внутреннюю камеру и отличается энергоэффективностью.",
      "name": "Микроволновая печь LG MJ3965BIS черный [39 л, 1100 Вт, переключатели - поворотный механизм, сенсор, гриль, конвекция, дисплей, 54.4 см x 32.7 см x 52.5 см]",
      "category": 9,
      "is_limited": false,
      "is_delivery": true,
      "image": [
        58,
        59,
        60,
        61
      ]
    }
  },
  {
    "model": "catalog_app.product",
    "pk": 20,
    "fields": {
      "created_at": "2023-08-31T19:02:03.226Z",
      "updated_at": "2023-08-31T19:02:49.628Z",
      "is_active": true,
      "title": "Микроволновая печь Samsung MC35R8088LN/BW голубой",
      "description": "Микроволновая печь Samsung MC35R8088LN/BW позволит вам насладиться вкусом невероятно сочного мяса с хрустящей равномерной корочкой, ведь в ней предусмотрен режим гриля с конвекцией и специальная решетка. Ограничивайте доступ детей к функционалу одним нажатием – для этого в устройстве появилась опция блокировки. Представленная сенсорными элементами панель управления обеспечит мгновенный доступ к 47 программам, а функциональный дисплей предоставит детальную информацию о выбранном режиме.\r\nРазмораживание продуктов теперь не займет у вас уйму времени –просто активируйте соответствующую программу, которой располагает Samsung MC35R8088LN/BW. Программируемый таймер приостановит функционирование микроволновой печи без вашего участия. Внутреннее покрытие из биокерамической эмали способствует сохранению максимального количества питательных свойств и витаминов, которые содержатся в продуктах. А прочные ножки в основании станут гарантом устойчивости прибора на любой поверхности.",
      "name": "Микроволновая печь Samsung MC35R8088LN/BW голубой [35 л, 900 Вт, переключатели - сенсор, гриль, конвекция, дисплей, 52.8 см x 40.4 см x 48.1 см]",
      "category": 9,
      "is_limited": true,
      "is_delivery": true,
      "image": [
        62,
        63,
        64,
        65
      ]
    }
  },
  {
    "model": "catalog_app.product",
    "pk": 21,
    "fields": {
      "created_at": "2023-08-31T19:07:05.833Z",
      "updated_at": "2023-08-31T19:07:45.778Z",
      "is_active": true,
      "title": "Электрочайник Aceline SS1800 фиолетовый",
      "description": "Электрочайник Aceline SS1800 выполнен в надежном корпусе из нержавеющей стали насыщенного фиолетового цвета. Это делает устройство ярким атрибутом утреннего чаепития: чайник позволяет быстро вскипятить воду, чтобы вы могли приготовить напиток, который вы предпочитаете пить по утрам. Скрытый нагревательный элемент, используемый прибором, способствует быстрому подогреву воды, а также способствует сохранению привлекательности корпуса.\r\nОбъем электрочайника Aceline SS1800 составляет 1.8 л, поэтому его содержимого будет достаточно, чтобы вы могли приготовить горячий напиток себе и близким. Прибор мощностью 1800 Вт предусматривает наличие фильтра в носике, который не позволяет частицам накипи проникать в вашу чашку. Поэтому вы сможете насладиться чистым вкусом чайного или кофейного напитка. Модель с индикатором работы поддерживает вращение на подставке, что способствует более комфортному пользованию. Чайник предполагает защиту от перегрева и автоматическое выключение, что делает прибор безопасным в эксплуатации.",
      "name": "Электрочайник Aceline SS1800 фиолетовый [1.8 л, 1800 Вт, скрытый нагревательный элемент, материал корпуса - металл\\пластик]",
      "category": 10,
      "is_limited": false,
      "is_delivery": true,
      "image": [
        66,
        67,
        68,
        69
      ]
    }
  },
  {
    "model": "catalog_app.product",
    "pk": 22,
    "fields": {
      "created_at": "2023-08-31T19:10:34.041Z",
      "updated_at": "2023-08-31T19:11:19.606Z",
      "is_active": true,
      "title": "Кофемашина автоматическая Nivona CafeRomatica NICR 970 серый",
      "description": "Кофемашина Nivona CafeRomatica NICR 970 обладает всеми необходимыми функциями для приготовления ароматного кофе. Она оборудована резервуаром на 2.2 л, встроенной кофемолкой с 5 степенями помола и емкостью для молока на 1 л. Благодаря термоблоку вода в резервуаре быстро нагревается.\r\nВ кофемашине предусмотрена возможность приготовления 2 чашек напитка за один цикл. Электронное управление с дисплеем обеспечивает простую настройку необходимых режимов и функций. Также можно управлять с помощью мобильного приложения. Среди других особенностей Nivona CafeRomatica NICR 970 отмечаются система автоматической декальцинации, светодиодная подсветка, регулировка крепости кофе и жесткости воды.",
      "name": "Кофемашина автоматическая Nivona CafeRomatica NICR 970 серый [исп. кофе - зерновой, молотый, 1465 Вт, 2.2 л, капучинатор]",
      "category": 10,
      "is_limited": true,
      "is_delivery": true,
      "image": [
        70,
        71,
        72,
        73
      ]
    }
  },
  {
    "model": "catalog_app.product",
    "pk": 23,
    "fields": {
      "created_at": "2023-08-31T19:13:28.257Z",
      "updated_at": "2023-08-31T19:13:41.434Z",
      "is_active": true,
      "title": "Торшер Ambrella light TR3030/27 черный",
      "description": "Напольный светильник TR3030/27 BK/SM выполнен в стиле Нео-классика. Светильник формы цветущего дерева, из дымчатых плафонов и металлического корпуса черного цвета. Для данного светильника подойдут лампы с цоколем G4. Особенностью данного светильника является настраиваемая высота корпуса. Эти светильники будут прекрасным дополнением в гостиной или спальне.",
      "name": "Торшер Ambrella light TR3030/27 черный [540 Вт, G4, питание - от сети]",
      "category": 11,
      "is_limited": true,
      "is_delivery": true,
      "image": [
        74
      ]
    }
  }
]